rating,title,content,author,date,version,rating_label,review_len
1,无敌封号王,一字一封号，一步一屠城，想体验把头别裤腰带上做号就来小红书。封官媒，封网警，见啥封神啥。别叫小红书了，改叫小封号吧。,杀戮之沉,2026-07-19,9.38.1,差评,58
1,神仙平台,擦边的不封，性暗示的不封，搞灰产的不封，发句评论直接封，这种平台也算是牛逼了,投掷手,2026-07-19,9.38.1,差评,38
1,因为登了妹妹的号就切不回原来账号了 重新下载一遍还是不行,什么意思呢这是,陈佳佳199,2026-07-18,9.38.1,差评,7
1,下它干嘛,里面的人是什么成分就不多说了,errorprogram,2026-07-18,9.38.1,差评,14
2,请你优化一下群聊,我好不容易跟管理员说好，让我进群进了群以后却发不了信息显示无法在已催群中发送信息可是明明我已经进去了这已经不是一次两次了，四五次了,请你优化小红书群聊,2026-07-18,9.38.1,差评,65
1,乌烟瘴气的一个平台,整个平台充斥着莫名其妙的戾气很重的评论，很多帖子都是降智的发言，三观导向很不正的一个平台，不过这公司的高管本身人品就差，还能指望能管理出啥正常公司,Wendy Shi,2026-07-18,9.38.1,差评,73
1,近期推广广告太多,基本刷几个帖子就有一天暗戳戳的产品推荐广告藏在里面，以前没有那么多，真的很影响体验,whatsoever 000,2026-07-18,9.38.1,差评,41
1,封号问题,真的不要管的太严了小红书官方！我都无缘无故被封掉几个号了，而且我希望你们可以添加一个解除实名 ，你们无缘无故给我封号，我实名怎么办？注销又说我有违规解除以后就不能用那个实名信息，我靠我真的要气死了，希望你们能该一下！！谢谢！！！,卖一只猪🐽,2026-07-18,9.38.1,差评,114
1,能不能不要再乱封号了,我服了,evenhino,2026-07-18,9.38.1,差评,3
1,莫名其妙限流根本不给申诉的，客服完全不管,这平台迟早完蛋,小王好好做游戏吧,2026-07-18,9.38.1,差评,7
4,小黄书挺好,现在成小黄书了，不错不错,黄高考,2026-07-18,9.38.1,好评,12
5,我是追星女,在小红书里我看到了很多同担，也让我学到了很多追星小知识（ybw cyh wlj ）高位出道！谢谢小红书！,祎智萌橹兔杨.,2026-07-18,9.38.1,好评,52
1,标了几百次不想看你还推,标了不感兴趣，你一而再再而三一直在推，你出这个功能的意义是什么😅,早点薯了吧,2026-07-18,9.38.1,差评,32
1,投诉,审核机制合理吗，申诉机制合理吗，有人在干活吗,匿名寄几了,2026-07-18,9.38.1,差评,22
1,乱封号,我的号无缘无故被封，什么还要扫脸,椿瞰,2026-07-18,9.38.1,差评,16
3,封号,我明明只是换了一个头像，人家评论问交友吗？我就回了一下，就被终身禁言了，时间就一个多小时。,玥曦 芷,2026-07-18,9.38.1,中评,45
1,随便封禁创作者账号却容忍他人私信每日骚扰恐吓,近期几乎每天收到一条陌生人私信骚扰恐吓但不管是如何举报，小红书审核部门只敷衍了事，容许他人一而再再二三私发信息，对账号不审核不禁言不处理。相反对被骚扰者发帖子警告却直接进行2日的账号行动封锁，简直助纣为虐,preferance715,2026-07-18,9.38.1,差评,102
1,请小红书不要随意无辜封禁账号,小红书大量引战内容无人管理，本人分享生活却被封禁，申诉也无正当解释,n-nyx,2026-07-18,9.38.1,差评,33
1,世界杯解说莓含金量,那个什么梧桐就是🪨,哈哈好lj哈,2026-07-18,9.38.1,差评,9
1,垃圾桶,一群恶臭粉圈，虚假广告，谣言聚集地！三观不正，颠倒黑白的双重标准！对随便发大字报网暴其他人的造谣者不作处理！反而对反驳者禁言，警告！,图片文字都很美！,2026-07-18,9.38.1,差评,66
1,小红书,无缘无故被禁言了。,W19910314,2026-07-18,9.38.1,差评,9
1,女拳集中营,太垃圾了，就这种还想上市啊，别骗投资人了,keyfggdhf,2026-07-18,9.38.1,差评,20
1,越来越垃圾,引流的引战的和xyy的骟肥猪男的，忘本的小红书你早点跟下沉市场一桌,hlohlomoji,2026-07-18,9.38.1,差评,33
3,请不要乱评ai,总是把别人没有用ai的高质作品给鉴ai,朱敏。汉，,2026-07-18,9.38.1,中评,19
1,超烂,赶紧倒闭，没良心的,薪火相传009,2026-07-18,9.38.1,差评,9
5,nb,￼仙品,那个那个哈达🥹🥹🥹￼,2026-07-18,9.38.1,好评,3
5,世界杯,非常期待,故菜,2026-07-18,9.38.1,好评,4
1,信息不安全,触发违规词就封号还有换号也连带责任 定位ip 登录历史 朋友登也容易记录成自己的违规信息,杨家欣1933,2026-07-18,9.38.1,差评,44
3,卡顿,现在小红书是越来越卡了，刷视频偶尔卡，看直播也是基本都卡的不行,Ssiya。,2026-07-18,9.38.1,中评,31
1,混乱的社区氛围,一般。,不知名软件测试,2026-07-18,9.38.1,差评,3
1,致敬最不爱捂嘴的app,发帖子幽灵状态别人看不到但不告诉你为什么；发评论别人看不到不通知你也不告诉你为什么；LLM的普通科普评论也能被举报没；明显种族主义的个人简介举报不掉；违规理由莫名其妙解释权全归平台所有，说你违规就违规，皇帝来的👍👍,raincore01,2026-07-18,9.38.1,差评,107
1,天天无缘无故封号,差评我真的很无语 真的第一次讨厌这个小红书 什么都没干 老是封账号 这以后还有几个能用 创一个什么没干就封 我真的气死了 无语死了 啥都没干封封封 以后干脆小红书上一句话也不让说算了真的对这个软件差评,shsh“”,2026-07-18,9.38.1,差评,100
1,老是封号,不是我才注册了几天就给我封了，现在下回来还是封着的，我啥也没发啊？我也啥也没干啊？怎么莫名其妙给我封号了！就没遇见过这么会封的，xhs你继续,迟早倒闭好吧,2026-07-18,9.38.1,差评,70
2,小红书频道栏的固定频道太多了 还是强制的跟本撤不掉 每次看自己想看的频道 还要划好久,这个频道栏 真是要改 太烦人了,xxhh844,2026-07-18,9.38.1,差评,15
1,发图不方便,每次上传图片都需要权限，如果没权限就直接把软件关闭，而且有人发现xhs在偷偷翻相册,fanqie207,2026-07-18,9.38.1,差评,41
1,请小红书人工审核申诉内容,亲爱的小红书审核团队你好！我要对小红书后台的审核机制提出疑问。作为一名长期支持和活跃使用小红书支持者我想提出几点问题，设备封禁了，申诉了，没两分钟就说申诉失败，真的有人工认真审核过吗？联系人工，要么就说等待 要么就说四十八小时给答复 要么就说联系专员 直面给出一个解决办法很难吗？违反了社区规定就要把设备封禁了吗？ 希望小红书得工作人员可以帮我解决此次问题 并且本人也以深刻地反省认识到了错误！ 感谢小红书工作人员,ymuun,2026-07-18,9.38.1,差评,207
5,无,可以,孙芯燕,2026-07-18,9.38.1,好评,2
1,奇葩的平台扭曲的价值观恶心的操作,阴谋诡计全使在歪心眼子上了，挣着女性的钱，但内心里只爱男。连动物保护四个字都会被悄咪咪隐藏掉，然后默默爱变态。价值观可见一斑。永远下头，避雷,mmoo2o,2026-07-18,9.38.1,差评,70
2,1,666,1…….（,2026-07-18,9.38.1,差评,3
1,能不能管管未成年,你知道小红书不用管年龄实名注册有多吓人嘛，我侄女才8岁，今天一起玩的时候给我说在玩一个什么什么圈子，里面有很多那种可能有色情的视频图片，而且未成年人法律意识很薄弱，很多法律问题都不懂，你个烂小红书你能不能管管，你家里没有小孩子的嘛？,muliling,2026-07-18,9.38.1,差评,116
1,垃圾软件分享照片不用确认,垃圾软件分享照片不用确认,Millelll,2026-07-18,9.38.1,差评,12
4,好麻烦,1.有些网络上的风气不好 2.我一连输了两次身份证号码，是因为第一次的时候啥也没干，官方就给我说我违规了。晕！我就平常刷刷视频啊！客服二话不说就直接给我号封了。 （因为内存不足选择删了） 其实还是很好的软件的，推荐😉 求官方看看吧🙃,惊魂夜老玩家,2026-07-18,9.38.1,好评,116
1,真的别乱审核了,什么叫包装人设呀？包装不符合我的人设，我什么人设你就说我是不符合我的人设，能不能不要乱审核呀？我真服了，就正常分享日常，怎么就是我包装人设了？怎么就是学历？怎么就是工作形象不符了？,真的别乱审核了,2026-07-18,9.38.1,差评,90
1,难用！！！！！,莫名其妙说账号违规，又不说明是哪里违规，违规申诉功能一点都不好用，没经过我的同意就私自清除账号ID头像，还禁止评论会发布信息，只能认罚然后自行解除，超级难用的app！！！！,小五0219,2026-07-18,9.38.1,差评,86
1,员工期权欺诈的APP伤害的是所有人民群众,如题,6617940,2026-07-18,9.38.1,差评,2
1,青少年模式不能理解,大人，登录时自动启动的青少年模式，不理解不知道怎么想的。后来想青少年就青少年吧，结果发现搜索只能搜出来图片，一条视频都没有，之前发的视频也看不了，所有朋友全部无法聊天，看都看不到。推给我的也都是无脑，不能理解的视频。甚至连点赞，关注都不行，真的不能理解，控制时间就算了，还要控制我看什么，以前的记录也没了,所以呢。？,2026-07-18,9.38.1,差评,152
1,谜一样的审核机制,账号没有发布任何形式的违规内容却莫名遭到平台处罚！去问人工后证实我账号里的帖子和评论均没有问题，只有可能是私信里有涉及，但我的私信功能早就关闭了，这样反馈给客服后客服就开始说车轱辘话，有问有答但是不解决任何问题，于是只能走申诉，但显然申诉也是不给过，同样给不出具体理由。。才用这个app一年，没想到体验这么差！！！,什么我的昵称被用了,2026-07-18,9.38.1,差评,157
1,给一星，吐槽离谱的风控审核！,"本人账号从未发布任何笔记、瞬间、图文，零原创产出，日常只是刷帖、给他人评论正常点赞，没有发过激评论、没有私信引流、没有广告营销、没有互刷数据，全程合规浏览互动，毫无征兆直接封号。
找客服申诉只会复制官方套话，不提供任何判定违规的具体截图、时间、对应内容，完全不做人工复核。只是简单点赞互动就触发封号，普通用户正常使用毫无安全感，系统误判泛滥，申诉通道形同虚设，不推荐下载。",我虎岛和夫的交汇点,2026-07-18,9.38.1,差评,186
5,不知道,挺好的 推的没有一个是我不爱看的 作业硬是从6:00拖到了4:00,￼skg￼,2026-07-18,9.38.1,好评,33
5,景喻99,挺好的,茶泡饭幸福好不好,2026-07-18,9.38.1,好评,3
5,小绿书,像抖音但又有哆哆啰的账号,喜马拉雅叫我的,2026-07-18,9.38.1,好评,12
1,疑问,这是什么APP,安禄生 恠抖音发布了新祚品,2026-07-18,9.38.1,差评,7
1,一个把我和猫玩耍的视频推给恋足癖男人的平台,吸引来大量男性骚扰者 这就是你们的算法,大麒麟70,2026-07-18,9.38.1,差评,19
1,随便封号,避雷避雷避雷！什么平台啊动不动就封号，到底是不是人工审核的？一个实名认证只能绑定一个账号我能理解，但不实名就随机封号，理由特别千篇一律，问要具体哪条帖子、评论、私信违规了他们就说后台没法看，只能看到违规原因，客服跟人机一样没法解决问题，要求解封也是不给的，非要实名认证。实名认证不是自愿的吗？我记得其他平台都是只有直播、开店卖货才需要吧？单纯互动发帖要实名啥啊？小红书只会以封号为由要求你实名认证，要么你注销账号，要么实名，这啥霸王条款？既然不实名就有被封号的风险那就说明这个问题啊，耍我呢？找了仨客服都没解决😂找客服根本没有，全部一套话术复制粘贴发给你,一碗土豆泥🍏,2026-07-18,9.38.1,差评,277
1,多次申诉无用,多次申诉无用！,王者荣耀12727）我好,2026-07-18,9.38.1,差评,7
1,小红书乱封号,太恶心了,他就👀！,2026-07-18,9.38.1,差评,4
1,算个什么东西,胡乱禁言封号，这种app算个什么东西，辣鸡,小屁书,2026-07-18,9.38.1,差评,21
5,好,特别好,同志🫡🫡,2026-07-18,9.38.1,好评,3
1,平台能不能不要偏袒无脑商家？,明明是质量问题，无良商家态度极其强硬，是买家的错，错了平台处理偏袒商家,讨厌小红书恶心,2026-07-18,9.38.1,差评,35
5,拉完了,不太好，有些人素质太差,想干嘛我去看看有没有什么问题吧唧唧复唧唧,2026-07-18,9.38.1,好评,11
1,莫名其妙给人禁言,什么都没有做，上来一张违规通知，通知里面什么都没写清楚，就说你违规，真是霸王啊，你说我违规好歹给个证据吧，什么都不给就说你违规，真是逆天app，谁用谁知道呢🥰,qoorkrk,2026-07-18,9.38.1,差评,79
1,不要乱封账号,"这种问题我已经遇到过好多次了，有的小孩骂人，结果反手禁言了？
还有有的人发出一些过激言论上前问一下，被警告了？
我发了个oc，没有写任何言论。为什么警告我了？再这样下去没人用小红书",有一语双关,2026-07-18,9.38.1,差评,90
5,小红书简直就是神,风气最好的社交平台😭,悠莹o,2026-07-18,9.38.1,好评,10
2,雷霆审核机制,我是小红书老用户了，我对小红书的审核机制特别失望！我明明啥也没干，就给我重置了我的昵称壁纸，不让我关注发评论发笔记，审核员是瞎子吗？！天天净搁那儿乱审核！！！！！！！！！,弑血鬼冢,2026-07-18,9.38.1,差评,85
5,风格,看起来很舒适，用了这么多软件这个最上手，评论区里等等氛围都很好，没有不良内容，不乱！,蔷薇少女rose,2026-07-18,9.38.1,好评,42
1,小红书老是乱封号,我以前在小红书上就有一个号，我发的也是正常视频，无擦边无不良影响，但就是帮我封禁了，还说我擦边，可我发的就是一些普通搬运工视频,无所谓啦吗,2026-07-18,9.38.1,差评,63
1,无辜封号,垃圾软件,小红书垃圾不充钱就封号,2026-07-18,9.38.1,差评,4
3,毒鸡汤，极端女权，男女对立的摇篮,希望小红书官方审核要严格一点，对社会不良风气要进行打击！,THK 扶摇直上九万里,2026-07-18,9.38.1,中评,28
1,你好,非大陆居民不让直播 都是中国人到底有什么区别。感到很寒心,atlpbbb羚羊,2026-07-18,9.38.1,差评,28
1,新版本不要已售罄查看同款,这种已售罄查看同款，很影响购物体验，小红书很多都是抢购，还我已售罄加入心愿单！！！！！,还我加入心愿单,2026-07-18,9.38.1,差评,43
5,😀热度好,嘻嘻,快手泪目,2026-07-18,9.38.1,好评,2
1,无故封账号,无缘无故突然封禁账号,lotuskiku,2026-07-18,9.38.1,差评,10
1,包庇侮辱炎黄子孙的人,投诉此账号也没人管,qhehbfnfjskdijsnc,2026-07-18,9.38.1,差评,9
1,大糖书,大糖书,椿湫海,2026-07-18,9.38.1,差评,3
1,shazi小红书,老推荐一些跳舞女的，就喜欢破坏人家家庭是吧,bauhxbxvhzjabduxuen,2026-07-18,9.38.1,差评,21
5,小红书很好,小红书是一个学习和娱乐的好地方。,与物觅古,2026-07-18,9.38.1,好评,16
5,无,只是因为家产太美味了，所以才给你打五颗星的,Foker _____,2026-07-17,9.38.1,好评,21
1,小红书规则不合理,我是小红书的忠实粉丝，但是近期新买了一个二手苹果手机下载小红书说设备异常，我电话问了你们小红书客服，说原来用户可能违规，我说他违规是他的号违规，和我的号什么关系，现在把设备封禁，了我提供资料证明也无用，没有申诉渠道可以解封这个设备！差评,大宝贝您姐,2026-07-17,9.38.1,差评,118
1,动不动就说我违规,直接不看了  我真服了   发个写字的照片就封号   卸载了,-啰嗦,2026-07-17,9.38.1,差评,30
3,垃圾软件,快倒闭吧 好评都是刷的?,呃呃呃啊啊啊啊啊啊啊,2026-07-17,9.38.1,中评,12
1,希望小红书早日下架,垃圾中的垃圾，简直一颗星都不想给，别人开口就骂人，说人是卖的，不封她的账号，然后封禁我的功能，就活该被人骂呗，还是你们家里人都是干这个的啊，这都举报不成功，莫名其妙封我账号干啥,小蕊.🕊,2026-07-17,9.38.1,差评,88
1,操纵舆论,默许水军洗地。只要甲方有钱雇佣水军就可以在这个平台为所欲为，控制舆论导向。审核机制是只要有人投诉立刻给你隐藏帖子，不告诉你哪里的问题一直限制。没骂人没发任何违规的东西，只要水军不允许，你就别想发。请问言论自由在哪里？,匿名ddddddddxx,2026-07-17,9.38.1,差评,108
5,拳湿集中营,家人们谁懂啊～,网络连接失败什么情况,2026-07-17,9.38.1,好评,7
1,一手遮天的平台,没见过哪个平台这么爱乱封号，人工申诉全是ai机器人，趾高气昂给谁看呢，被人举报上不了市受着吧，人生一个支线任务就是等你倒闭,就当我从未玩过,2026-07-17,9.38.1,差评,61
5,？,巨容易卡死,kavtak,2026-07-17,9.38.1,好评,5
1,烂的要死,别人发的恶意评论是可以存在的，截个图发笔记就叫传播不友善了，去TB的，你以为你的平台环境好是你的功劳啊，全是用户忍着你罢了，只盯发帖人是吧，评论好坏完全不管，同样的评论截个图就给我叛逆违规,小红薯逆蝶,2026-07-17,9.38.1,差评,94
1,我号咋被冻了,我干啥了刚注册不到两三天发了几张画评论了几句咋就被冻了 我也没发啥不过审的啊,小啦啦啦啦啦啦的,2026-07-17,9.38.1,差评,38
1,神人刷新点,"里面一堆神人这个软件的神人和暗网程度不亚于快手抖音看这个的没见过几个正常人里面的全部人员特征：1.素质低下2.神人思路3.官方的封号机制4.长相这一块
神人软件神人官方神人用户",hey？咕咕嘎嘎！,2026-07-17,9.38.1,差评,88
1,烂,发正常的能违规 其他逆天言论不违规 什么神人应用,urruh,2026-07-17,9.38.1,差评,24
5,建议单篇笔记可以增加评论关闭和开放,哈喽，尊敬的开发人员，我每天都在平台上发笔记，希望可以拥有评论控制功能：仅自己/互相关注的/仅粉丝评论的 ，我是iOS系统，8plus、16pro max机型的,安妮妮的摄影,2026-07-17,9.38.1,好评,80
1,乱封号,非常垃圾，我我我都懵，我几天前发的帖子后来删掉了，我发个属性图到底咋了，结果今天给我号封了说我违规，我帖子几天前都删了现在才给我判定，我都服了呀坤美，打开发现是我之前删除的帖子我真没绷住,我是伯贤控,2026-07-17,9.38.1,差评,93
5,啊啊啊,这5颗星是给洪烧打的！！！🥰,最爱洪烧姐姐了！！！,2026-07-17,9.38.1,好评,14
1,女厕所,集美聚集地，臭不可闻,浅月悠悠,2026-07-17,9.38.1,差评,10
1,不要使用小红书会变得不幸,"无缘无故封号毫无提示就处罚是小红书的特色
欢迎大家来使用可颂一个新的替代小红书的平台 别再让它一家独大嚣张的不行",屁屁叽pipi,2026-07-17,9.38.1,差评,56
1,发布视频被限制流量,由于我活跃发布视频（自创搞笑视频）但是不知道什么原因被限流了后期我又问了平台客服客服说已经解除处罚了但是没有效果还是在限流,叫英语,2026-07-17,9.38.1,差评,61
1,法外狂徒,给网警的账号都干封了你小红书挺牛逼啊,CH·弑神,2026-07-17,9.38.1,差评,18
1,一堆代喝代买三观不正的app,😂腊祭app央视通报批评的诈骗一半以上是小红书，三观不正，带坏社会风气！关门大吉,尕齑,2026-07-17,9.38.1,差评,40
1,能不能不要乱审核,我发了一个文章，没有一点不合规的地方，结果你直接就给我拒绝了，不让我发，别人还等着看呢，反倒是别的文章，不合规的一大堆，你就给通过了，你什么意思啊,拒绝乱审核,2026-07-17,9.38.1,差评,73
1,垃圾小红书,垃圾小红书，良心被狗吃了，钱比良心更重要，你是真牛逼，人家为了你的后一代在前线拼命争取光明，你在后面捅刀子，希望你门没有后代，你们后代不配,垃圾电工宝典,2026-07-17,9.38.1,差评,69
1,垃圾,垃圾软件,？f f g,2026-07-17,9.38.1,差评,4
1,封号乱封,封号一点解决办法都没有，客服跟没有没什么区别，乱封号，神轻病小红书，死活复核不了,320ch,2026-07-17,9.38.1,差评,40
1,广告太多！,想搜一个东西，百分之80是广告！！！有没有活人了,小红书广告太多,2026-07-17,9.38.1,差评,24
1,无缘无故封禁账号，保留信息,无缘无故封禁账号何意味，无缘无故被退出登陆何意味，都被你们逼的注销了还保留实名信息这又是何意味,美猴王大战猪猪侠,2026-07-17,9.38.1,差评,47
5,比较真儿,好👍👍,哦啦啦7筒佛祖77群,2026-07-17,9.38.1,好评,3
1,无故封号,正常和法和规使用，结果被封禁了，找客服也没用，我哪有那么多身份证号给你验证？衮,sjhxhs;jdndj,2026-07-17,9.38.1,差评,39
1,씨발,神经病封了账号解绑不了手机号,cgcjdfi,2026-07-17,9.38.1,差评,14
1,能不能不要乱封号,那么多骗子号不管 整天莫名其妙封一些无关账号 何意味,小红书能不能别乱封号,2026-07-17,9.38.1,差评,26
1,无缘无故的封号,差评 如果有问题可以指出来，不给解释就是封号 ，发生了什么都不给解释，只知道封号,为什么我马上,2026-07-17,9.38.1,差评,40
4,希望有更多功能,小红书已经很好了但是1⃣️希望能有打视频通话和特效的功能不然有时候用🍠聊天时想看对方却看不了2⃣️有特效是方便我们拍视频有特效也可以在打视频通话时用特效之类的，所以希望官方能加一下这两点,^2uou_,2026-07-17,9.38.1,好评,93
1,单纯不喜欢,差评,eshat_CN,2026-07-17,9.38.1,差评,2
1,小红书一星守护,太sb的软件太sb的创始人了，舍不得被别人发现这么sb的软件,我是小红书daddy,2026-07-17,9.38.1,差评,30
1,垃圾软件五星都是买的机器人刷的,吃黑流量最厉害的平台，比微博还离谱,操爹的好,2026-07-17,9.38.1,差评,17
1,垃圾 各种广告,没用的app,ahsjbsvywhdb,2026-07-17,9.38.1,差评,6
1,拉垮,广告营销，无脑视频，极度闹耳朵的背景bgm，一大堆艾特人的无用评论区，屏蔽一大堆真实的评价，越来越像🫘，简直一模一样，不是每个人都看世界杯的，屏蔽了关键词还有，你是体育频道吗？,lynne🦋,2026-07-17,9.38.1,差评,88
3,小红书真的很好,很完美啊，可以交友。麻烦审查宽一点，梦女和磕粉真的会疯掉啊,Good red book,2026-07-17,9.38.1,中评,29
1,垃圾app,莫名其妙就限制我 说我交易有问题 我根本没有它说的那些问题 真的很无语 直接删除app,wcnmsmmzdy,2026-07-17,9.38.1,差评,43
4,iPad为什么在评论区发不了表情包？,为什么iPad只能在私信或者群聊里发表情包，在评论区发不了？真的很不方便，希望小红书官方能改进一下,无今夏,2026-07-17,9.38.1,好评,49
1,世界杯,饭圈文化太严重，不懂球的疯狂蹭流量,soneh6,2026-07-17,9.38.1,差评,17
5,太棒了,真的很好看，球赛超清晰,怎么会这样202222,2026-07-17,9.38.1,好评,11
1,莫名其妙封号,太好用了，啥也没干就给我永久封号了，申诉永远失败，注销了，卸载了，拜拜，垃圾软件,hywpoqxypwpwpw,2026-07-17,9.38.1,差评,40
5,感谢小红书为我们这些某生活的人提供了一个平台,小红书真的很全面，特别好，给我们的热爱给了好多支持，谢谢你们。,161674,2026-07-17,9.38.1,好评,31
1,小红书这样的乱封号的迟早流失用户,我不知道你们是怎么样个团队，我不知道你们是怎么样的一个管理结构构成你们整个封号乱封号审核机制，不知道是怎么样的，总是非常糟糕的！任何社交媒体，任何的社交平台都没有像你们小红书这样乱搞，说实话，小红书到现在也就几年时间迟早会被取代！！！用户体验非常糟糕，乱封号，然后我找客服客服的理解能力非常糟糕，不给解除，不好意思，这个软件我不再使用,jzjdnsns,2026-07-17,9.38.1,差评,167
1,最恶心的软件，没有之一！,最恶心的软件设计，到处（发帖、评论、私聊）充实着因信息不对称，私自被软件 Shadowban 的情况！一点都不光明正大的给信息提示！,咬着糖糖拽天下,2026-07-17,9.38.1,差评,66
5,很好用,非常好用  想知道的可以搜  还可以买东西  能看世界杯  还可以养AI宠物  已经想不到有什么小红书做不到了,不知道叫什么名字了     啊啊啊啊,2026-07-17,9.38.1,好评,55
1,用了小红书 天天遭受网暴,小红书 天天被举报 天天被网暴 动不动就避雷。学学抖音。,纳纳拿娜,2026-07-17,9.38.1,差评,28
1,一分都不想给😂,只会封号😂😂😂招笑软件,wozhendefulea为什么这么,2026-07-17,9.38.1,差评,11
1,Ipo之前先把核心团队给违法开除,Ipo之前先把核心团队给违法开除，被陈浩在香港证监会给举报了，笑死,菠萝吹梦,2026-07-17,9.38.1,差评,33
1,为什么一直显示没网用不了,一直点不开而且开流量也没有用 到底是怎么回事,偷亲赵云99次,2026-07-17,9.38.1,差评,22
1,陈浩这事儿咋解决啊,陈浩这事儿咋解决啊,最暖老公,2026-07-17,9.38.1,差评,9
1,。,敢再给我推利用我愤怒博取关注的视频，我就永远卸载你。,摸鱼的蛋挞你那边,2026-07-17,9.38.1,差评,26
1,偷偷限流你们就这样吧,😂😂😂,雪莉露·诺姆,2026-07-17,9.38.1,差评,3
1,无故封号 封新注册两天的号,无故封号 封新注册两天的号,Q727777,2026-07-17,9.38.1,差评,13
1,我了小仙女😂,78787,训到傻下傻下,2026-07-17,9.38.1,差评,5
5,花生咪,真的太好看了，喜欢的都在里面😆😍,啦啦啦啦老公康,2026-07-17,9.38.1,好评,16
1,换设备登录过程繁琐麻烦,换设备登录非常麻烦，垃圾，很难用,柯忠豪,2026-07-17,9.38.1,差评,16
1,能不能不要随便封号,我不知道这个软件你到底是咋了？第一个号我承认确实是我错了我发太多评论了，但是直接永久封禁有必要吗？恶心死了，好不容易开一个新号结果只是关注几个人发几个评论点赞几个视频又给我封了什么意思？你们找的到底是什么人？我用我10年寿命担保我在我的新号从来没有任何违规行为，头像背景图简介名字都是很正常的，我想请问呢你们是施暴者是吧，看见别人不爽就封号，我第一个号的注销冷静期还在。还不能实名认证，要是实名认证完还不行我跟你斗到底，这事就没完了😂😂😂,pkclis,2026-07-17,9.38.1,差评,219
1,乐子软件,搞一些有的没的,新巴巴巴鲁比,2026-07-17,9.38.1,差评,7
1,不要莫名其妙给我账号判违规好吗 谢谢,我不知道为什么小红书莫名其妙给我账号违规 我平常就看个视频啥的 评论点赞都特别特别少 不知道为什么要给我个违规 你们说的那种行为我根本就没有干过 嗯对 小红书你继续吧😂😂😂,czwhx,2026-07-17,9.38.1,差评,86
1,有病,我号呢😂,阳光下的小面包,2026-07-17,9.38.1,差评,4
1,能不能出屏蔽词功能啊,老是刷到不喜欢的视频一直按不感兴趣也没用别老是推了行不行,偶偶重度依赖,2026-07-17,9.38.1,差评,28
1,女拳基地,全是小仙女，给不了0分，差评,集师,2026-07-17,9.38.1,差评,14
1,牛逼了我去,不是说13岁以上就能用吗？为什么开了未成年人模式说14岁以后才能退出未成年人模式？？？还有这个软件先不用强制登录的，登录前看的内容都十分新颖有趣，可是用了我另一个号来登，登录后，就是我另一个号看过那些老套的东西了！！！开了未成年人模式之后作品作者也点不进去了，所以说小红书你们是怎么搞的！！！,好烦啊，怎么什么昵称都被人用了？,2026-07-17,9.38.1,差评,146
1,滚,这平台是有病吗擦边色情的不封 封我一个啥也没漏跳跳舞的 还说我传播什么不良影响 有病吗 神经病软件,lulu_dan,2026-07-17,9.38.1,差评,49
1,乱审核,"我真的破防了。

我不是博主，不接广告不引流，就是个普普通通喜欢刷小红书的人。几年了，看到有用的健身教程、宝藏旅游攻略、情绪低落时能救命的心理笔记，全被我仔仔细细分门别类收藏好。那个收藏夹就是我的赛博图书馆，是我一点点搭建起来的精神角落。

结果呢？某天早上醒来，号没了。

原因？一句“违反社区规则”，没了。什么时候犯的？不知道。证据？没有。我连辩驳的机会都没有，因为申诉按钮点进去就是3个工作日后再解决。

更让我崩溃的是，那个被我“调教”了几年的首页推荐，那个比我自己还懂我喜欢什么的大数据，一夜之间归零。你知道养一个号有多难吗？我点了多少“不感兴趣”、搜了多少关键词、划走了多少讨厌的内容，才换来一个打开就想刷一整天的首页。现在好了，一切回到解放前，推送全是我不爱看的，跟换个app似的。

收藏夹没了，算法没了，我三年的网络痕迹说清空就清空。可我做错了什么？我一个只看不发的用户，连犯错的机会都没有吧？

最可笑的是，那些天天引流的广告号活得好好的，我这种默默收藏的“沉默大多数”反而被误伤。合着老实人就活该被一键清零？

@小红书 你们知道普通用户的收藏夹意味着什么吗？那不是冷冰冰的数据，那是我们花时间一点点筛选出来的生活指南。你轻飘飘点一下“封禁”，我几年的积累就全没了。哪怕你给我一个导出收藏夹的机会，哪怕你告诉我具体哪条收藏违规了，我都能接受。

但现在这样，一句话判死刑，申诉无门，连个活人都找不到。

我不是博主，我没有粉丝可以喊冤，我只是一个想好好用这个app的普通人。但你们让我觉得，我在这个平台上的所有积累，都只是一串随时可以被删除的代码。

普通用户的命，也是命。",Ae888666666667,2026-07-17,9.38.1,差评,698
1,乱封账号！！自助解除即是引导用户填实名信息，实名之后直接永久封号！！,"真的被小红书的风控气到崩溃！！

好好用的账号，从来没发过违规内容
不引流、不营销、不接广、不擦边
日常只是发发生活碎片、追剧分享、好物记录

朋友分享笔记时就封了无缘无故的！！

最让人无语的是全程黑箱操作❌
只冷冰冰一句违反社区规范
不说明具体违规笔记、不标注违规字句、不对应任何规则条款
逐字逐句翻遍所有笔记、私信、评论
完全找不到任何问题！！

问客服永远是机器人套话
找人工查不到违规依据、不给整改机会、不给申诉理由

真的搞不懂现在小红书的审核逻辑
别人一模一样的内容流量爆棚
普通人正常分享直接莫名封禁
甚至只是异地登录、久没登录、正常咨询聊天
都能被判定账号异常直接处罚😭


没有任何预警、没有任何提醒、没有任何解释

真的太寒心了！！
用心真诚分享的用户被乱封
真正违规引流的账号却安然无恙

平台霸权真的太让人无力
维权无门、申诉无果，完全拿捏普通用户

真的想问小红书
什么时候才能精准审核、公平对待用户？
别再无脑乱封正常账号了！！

#小红书封号 #小红书无故封号 #小红书乱封号 #小红书审核离谱 #小红书风控 #小红书吐槽 #被小红书封号 #小红书规则离谱",请不要乱封我号,2026-07-17,9.38.1,差评,494
1,app审核有问题,同样的议题，带有侮辱性物化字眼，男性发可以通过并获流，女性发布观点，根本分享不出去，会被限流。咱们小红书太棒了吧,虚拟结局vb,2026-07-17,9.38.1,差评,56
1,见人软件运营,我啥也没发就永久封禁了你这不是有毛病吗 别祸害我的账号好吗我发啥了大妈要点脸,七颠八倒个奶茶不死,2026-07-17,9.38.1,差评,38
1,666啥子app乱封号,莫名其妙就给我号封了还给我设备封了打电话也是没人接的线上人工客服更是个人才也不解决问题，号都注销了又要保留我个人信息不给登 是人我吃垃圾app赶紧倒闭吧,aishidanbaizhi,2026-07-17,9.38.1,差评,76
1,全女家族的聚集地,小红书确实垃圾啊，全女聚集地，一言不合封号禁言。我真的笑死了，再碰一下我是你们爹,策划必死si,2026-07-17,9.38.1,差评,40
1,小红书你动不动违规什么？,不是非要我实名才可以自助解除。要不要这么流氓？那些恶臭内容是永远不管的动不动乱封什么呢乱违规什么呢？小登书,lhs垃圾。,2026-07-17,9.38.1,差评,53
1,垃圾，乱封号,玩小红书好几年了，23年差不多开始玩的，之前从来没有这种情况，现在乱封号，我没有违禁，从来没有，封了我5个号了，也不知道先干啥，现在已经对小红书失望透顶了，这种情况25年中旬开始了，我不知道您这是怎么了，这个软件纯垃圾，什么时候才能修复？避雷这个软件，注册账号就给你乱封😂，废物，一颗星都不想给,修修bug看看建议OK？,2026-07-17,9.38.1,差评,147
1,随意封号,我什么评论也没有发，笔记也没有发，莫名其妙封我号要求我实名认证，去申诉也没有用……,xinxin princess,2026-07-17,9.38.1,差评,41
1,客服很傻，平台机制很鸡肋,经常隐形限流，问客服，客服每次翻来覆去都是那几句没用的话，特别垃圾的一个平台！！！！,123567。s,2026-07-17,9.38.1,差评,42
5,快走开没,在哪上班,新裤子宽松款,2026-07-16,9.38.1,好评,4
1,歧视用户、区别对待用户,平台区别对待用户、平台客服踢皮球，真是一个厉害的平台,上不了市的小红书,2026-07-16,9.38.1,差评,26
4,关于流量分配,可以给质量好的老师多推一点流量和粉丝吗，那些质量不好的人粉丝几万几万的涨，认真做视频的老师反而没有多少粉丝，要么就是涨粉速度太慢,小蝶&柔柔,2026-07-16,9.38.1,好评,64
1,垃圾软件，区别对待用户，正常评论当违规。,一样的文字内容和表情包，在别人的评论区有，在我自己的评论区就不能发，被判定违规，或者直接被删除。请问平台规则到底是什么，谁在掌控舆论的导向？,Qsbxhs,2026-07-16,9.38.1,差评,70
1,简直就是一堆神人聚集地,骗子很多，诈骗犯几乎可以在那里为所欲为。而且很多神人，素养也是及其低下。,gfdghyfg,2026-07-16,9.38.1,差评,36
1,差评,我不知道你的审核标准是什么，我也不知道你的投流是怎样的,呵呵」，，，,2026-07-16,9.38.1,差评,27
1,下载不了,为什么下载不了啊，好无语,安排他安排他,2026-07-16,9.38.1,差评,12
1,风气,全是角色黑和小串串，xhs你真的假的,漩涡鸣人的大臭脚,2026-07-16,9.38.1,差评,18
1,垃圾小红薯,动不动就封禁账号，祝你早日倒闭,恩赐恩赐啊,2026-07-16,9.38.1,差评,15
1,什么无语封禁机制,起初我对xhs是很支持喜爱的，我的作品很健康在没有任何违规的情况下被封禁，无奈注销后发现该手机号再也无法注册。首先我觉得对于不合规的人来说可以这么处理但是你对于我判决的机制是什么呢，我甚至也没有跟任何人发生不雅口角，我真的很无语xhs你怎么能做的那么差，再这样下去只会有利于差的垃圾软件,jajababwhuwiw,2026-07-16,9.38.1,差评,143
5,好用,求更新,小颜软糖,2026-07-16,9.38.1,好评,3
1,听说你上市前夜裁老员工是吧,鄙视你们这样的垃圾,Hank Guo’s,2026-07-16,9.38.1,差评,9
1,引战女拳，虚假夸大扭曲价值观,垃圾软件，充斥着思想霸凌和广告营销，害人不浅，社会毒瘤,代达罗斯夫,2026-07-16,9.38.1,差评,27
5,小红书,真的特别好用强烈推存,✋🏻👁️👄👁️🤚🏻,2026-07-16,9.38.1,好评,10
1,垃圾软件，无故封号，大家慎用,我严重怀疑评分高是刷出来，这个平台无故封号，严重怀疑平台乱审核。而且平台还是骗子聚集地，大家要小心，你被骗，平台可不管，破规还矩特别多，大家小心慎用，平台规则一大堆，一言不合想封号就封号，一个软件整得跟皇帝似的，屁事真多！,13555888222,2026-07-16,9.38.1,差评,111
1,小红叔乱封号,小红叔你的用户群体是谁你知道吗,这是一个不知道怎么取的昵称,2026-07-16,9.38.1,差评,15
5,小红书很好，但不要推送那么多的广告！！！,不要给普通用户推太多广告！！！,我是小方块,2026-07-16,9.38.1,好评,15
5,🀄️,🀄️,快的乘客端用户,2026-07-16,9.38.1,好评,2
5,智障神人+推流，合则天下无敌,"评论一句全世界智障腿毛都吻上来了，用户素质堪忧，推流要不要这么神经，平板发不了表情包，打拳的智障的正常人全混一块

发一句评论就要被骂完拉黑，怎么的没有小号还不配用你们高贵的小红书了是吧
只要是被两个号举报就被封，一个人换大小号追着骂举报管都不管

不过次app极度不进行学历歧视，初中学历没上过一天高中即可歧视正常人类，叫完就拉黑，太有xhs用户风范了",oxdyoi,2026-07-16,9.38.1,好评,177
1,没有任何理由的封号,真的很难受，花费大量时间在小红书上发布的笔记学习资料，认认真真的那些收藏无缘无故封号，全部结束，请您而且申诉秒驳回没有任何理由超级失望，以前别人说小红书很差压根不听，我觉得很好，但是当这件事真的落到自己头上，很失望,纯粹wei,2026-07-16,9.38.1,差评,107
1,垃圾,我不想打开弹屏，就一直推推推，太垃圾！,胖大燕,2026-07-16,9.38.1,差评,19
1,误封我六次你想干啥,咋不去封人家骗钱的号 封我一个普通老百姓的🤩🤩🤩🤩🤫🤫🤫,火鸡面和薯条结婚,2026-07-16,9.38.1,差评,28
5,如果收藏夹的一些小bug能再完善点就更好了,超级棒！！！自己收藏夹东西太多。可不可以设置了专辑就固定在专辑里不动了。每次把笔记塞进对应的专辑里。笔记都会备份一份。让本强迫症有点不爽。如果能稍微改动一下就好了🫰🏼,火锅🍲！！！！！！,2026-07-16,9.38.1,好评,83
1,平台无故封禁账号，让我受到不公平不公正的待遇,本人于2026年7月17日02点58分收到平台的违规提示，违规原因显示笔记评论私信个人资料及群聊等存在交易导流违规，并显示是于2026年7月14日晚上22点42分发送的私信内容涉及违规，在此本人已自查并没有违规行为，在显示违规内容的时间段，本人只有使用了平台允许的个人售卖进行交易（售卖链接是经过平台严格审核允许通过的），期间与买家合法合规的进行交易，不存在发送联系方式或引导其他平台交易的行为，却被系统判罚！！起初以为是系统误判，但之后本人提交了申诉并提交了判定为违规的私信内容聊天记录以及交易订单，但结果申诉失败依旧被判违规！！向客服寻求解决方法，也只显示确认本人账号有违规行为。对于此次误判！！平台做法不公平不公正且处理态度敷衍了事！！对于合规使用该平台的用户你们真的做到认真负责了吗？？？真的太令人失望了！！发布平台使用规则是为了让大众用户能得到好的体验感好的交流平台，但此次的行为是对的吗？规则没有问题，但对于平台维护如审核这一块，处理方式敷衍及不处理行为，该平台应该好好改进！经由此事本人以后再也不会使用该平台！！！真的太失望了！！,一杯黑,2026-07-16,9.38.1,差评,472
1,赶紧下架,傻鸟小红书,傻鸟小红书1,2026-07-16,9.38.1,差评,5
1,广告隐蔽，用户智商堪忧,"在这里，你无法分辨什么是广告，什么不是。用它做攻略后，我的行程被坑钱的网红店占据，丧失了旅游的真谛。网红也就罢了，从来都是写着多少钱但实际到店里要翻倍，都虚假营销，还不遵守规定，不写明是广告。

此外，即便不是广告，也净是些智力匮乏的所谓避雷和经验。我举个例子，有人喊一句去超市戴头盔很安全，于是很多人都这样做，然后发帖子：“家人们我试了，戴头盔去超市很安全！”越来越多人这样干。可他们都没有人试一试不戴头盔会怎样。简而言之，小红书上绝大多数人搞不清楚充分条件和必要条件的区别，更不懂什么是对照实验。就这还号称高学历呢。同时，大多用户好面子——借图发朋友圈的人能干出什么好事？生活都被虚荣裹挟了。他们仿照某个网红干一件事后不要也要说好，被指正后也绝不承认，添加了很多滤镜，没人花钱请他们他们自己就打起了广告。",MilesPKU,2026-07-16,9.38.1,差评,354
1,无语😓什么都没引导给我乱审核，跟玩一样动不动就违规,能不能别动不动就封号，发的内容还有简介都是分享审核跟玩一样无语,1/¥9,2026-07-16,9.38.1,差评,31
1,纯纯的xxn聚集地,说实话 别的平台都没有这种神人的容纳之地 而小红书给了它们一个机会 尽情的宣泄自己的口头女性力量和看不起男性 看我看乐了,炸爆mini,2026-07-16,9.38.1,差评,60
1,恶意封号,恶意判账号违规，审核员都听不懂话来的(^V^),恋 与 深空下架！！,2026-07-16,9.38.1,差评,23
1,垃圾软件,恶心软件 有搞软色情的 灰色产业的 擦边的 引导未成年的 什么都有 唯独不封 封什么都没露肤的 我不知道您怎么了 后台的是麦迪吗 这么维护🐓,乐子小红书 滚,2026-07-16,9.38.1,差评,70
1,赛博文字狱,"小红书的审核机制大概基于关键词 通过断章取义的四个字 戒断反应 断定我是生活美容博主 这四个字连坐整个账号 禁言7天 最后要求我证明我是一家医院 从关键词生成结论 再让用户提供证明配合它的幻想
这就是小红书 当代文字狱",sheryl~,2026-07-16,9.38.1,差评,109
1,拉完了,本来一颗星也不想给的，真的拉完了，现在就是吃相难看，莫名其妙封号，只告诉你违规了，不告诉你那个作品违规了，到底怎么违规了，反正直接给你帐号封一个月，你是没有脾气的,坐左钩拳,2026-07-16,9.38.1,差评,81
1,避雷购物避雷客服,这个平台的智障客服能把人折磨疯，听说都是外包的，我体感上也是，效率极低，质量为负。不解决问题，把问题兜一圈还给你还给你一肚子气。绝对不要在这个平台购物避雷避雷避雷,hsnsicjrhdj,2026-07-16,9.38.1,差评,81
5,云吃吃女士的贴子什么时候能回来,云吃吃万岁,k h g r t f x s g b n k,2026-07-16,9.38,好评,5
1,私M小🍠,现在的小🍠简直和那个恋与🗄️一样了，一群社会的毒瘤、九年义务教育漏网之鱼都来这犬吠让这变成了雌性野购的肮脏世界,锁妖塔最严理的父亲,2026-07-16,9.38.1,差评,55
1,。,为什么要封我账号 还莫名其妙的判定是涉黄 我说啥了？你要么给我回复回来要么就赔钱哈 我账号上还有那么多人呢,摩涅莫绪涅之梦,2026-07-16,9.38.1,差评,53
5,做活动能不能有点良心,想推广，下载了又说什么活动太火爆,大大大狗子kkk,2026-07-16,9.38.1,好评,16
1,老是莫名奇妙的封号,一直封我，就问个价也封我,666秒开仙人模式,2026-07-16,9.38.1,差评,12
1,乱封账号,🐶事软件就会乱封账号，多花点钱维护一下吧！,Iiiiiiiiivy1,2026-07-16,9.38.1,差评,21
1,拉黑无法评论，但是你没有拉黑对方，对方可以一直骂你，举报入口都没了。只剩下网暴举报还要你填身份证,为不遵守规则的垃圾提供无线便利，为好人设置层层门槛,。在线，,2026-07-16,9.38.1,差评,25
5,能不要乱下架视频吗小红书？！,给五星才可以看到这条评论吧 我对小红书每次乱下架视频的行为都感到很生气 。如果这个视频有违规地方我完全没问题 。但是明明有一些非常正常 ，没有出现恶俗擦边暴力血腥的视频都被无缘无故地下架了 。人家博主好好剪辑这些视频好不容易有了一波流量就这么给弄没了 人家观众刷到一个这么高质这么喜欢的视频收藏下来想以后接着看也被搞没了 。我的收藏夹里就有很多的视频没有了 希望官方改一下这个问题 加强一下审核，不要那么敏感到处下架视频好吗？。🙏,invenke,2026-07-16,9.38.1,好评,215
1,号还我,最近的小红书后台管理部门：我要对我这两天找回帐号后的一系列过程的困惑与烦恼提出疑问。这个号我玩了一年多了，突然有一只登不上了，我尝试用实名验证的方法，结果跟我讲没有找到相关帐号，我拿昵称去搞结果，他还让我做题关键问题还是你以前搜索过什么内容这些，我都完全忘记没什么印象了，然后随便瞎蒙一个最后跟我做答题内容不正确说这个号不属于我。那我之前攒的一系列粉丝之类的，像什么？我自己发的一些视频，我都得重新开始干起，那我前面的努力是来干吗的？,朝夕逢,2026-07-16,9.38.1,差评,217
1,不要乱封账号,为什么莫名其妙封我账号？我干啥了？无语死了,scddd#ǚn6,2026-07-16,9.38.1,差评,21
5,治愈,小红书的所有人可以治愈我。我找到了自由的方向,apple用户越,2026-07-16,9.38.1,好评,22
1,封设备,去干啥了就封 你指出来给我看啊 无缘无故就封 还让我找客服 你都封设备了我怎么找客服 我违规但是查不到我哪条违规了 你觉得这合理吗,liubun,2026-07-16,9.38.1,差评,65
1,一颗星都不想给,逆天 那个主页刷新莫名其妙的搜完东西刷一下看完收藏回来就刷一下，我没手？我想看新内容不能刷？不如dy半根毫毛，不改我一星期给一个差评,送加码包,2026-07-16,9.38.1,差评,66
1,纵容虐猫虐狗犯的小红书,早日倒闭,匿姐,2026-07-16,9.38.1,差评,4
1,乱封号,差劲的要死，客服也解决不了问题，像个傻子,无赖ོ,2026-07-16,9.38.1,差评,20
4,总体很好啊,总体很好，但有个小建议啊。就是这个视频播放静音功能，在走路的时候很容易失效，我想这个可能是有什么隐秘的bug在里面。总之，想要静音的时候突然放声音了，这个体验还是不太好的。希望改进,Black Chrismas,2026-07-16,9.38.1,好评,90
5,愿意,非常好用,愿意🥳,2026-07-16,9.38.1,好评,4
1,哎,动不动就封我，我和我好友聊天都要被封。申诉也没用。,哎，体验太差了,2026-07-16,9.38.1,差评,25
5,能不能把我号的恢复好？,能不能把我号恢复好的给你五颗星了？,￼陈思彤,2026-07-16,9.38.1,好评,17
1,猎奇小红书,吃相难看,圈十,2026-07-16,9.38.1,差评,4
1,无语,一颗星都不想给，和男友聊到他妈妈肺癌，被判违规，被禁言！申诉失败，问人工客服哪句话违规了，词语违规了？不好意思，系统检测违规,Xuet said,2026-07-16,9.38.1,差评,62
1,越来越像渣浪,越来越像渣浪,FearForest,2026-07-16,9.38.1,差评,6
1,真的很爱无缘无故封号,您好 我的号才用了几个月 无缘无故封永久再也无法注册 我真的搞不懂你们建设这个平台收的都是一些暑假工来随意封号吗 我真的觉得很难评 我人脸在平台封永久 你们是国家机密吗 在用也不让用了我的天🤦别再招一些暑假工了 投诉你们的有多少了还在随意封号,不懂就爱死,2026-07-16,9.38.1,差评,121
1,辣椒软件,辣椒,对的xjxjxj,2026-07-16,9.38.1,差评,2
5,拼豆,陕北秧歌规范规定获得更好发展事业甲等医院刚回到家,雯(∩_∩),2026-07-16,9.38.1,好评,24
5,传播正能量,感谢小红书提供我们一个正能量的平台，可以放心大胆的分享我们的日常和心情，提供了方便和有一个情绪抒发的窗口感恩感谢🙏,天合-舞动情绪疗愈,2026-07-16,9.38.1,好评,57
1,不要乱封账号啊,我多次申诉都没效果，找了人工客服也是让我去申诉再等几天然后又不说话了,阿鸣子^o^,2026-07-16,9.38.1,差评,34
1,垃圾,没有新的手机号还没给解绑 强制性要求真的很下头 之前都可以换绑解绑的 现在搞这样这么麻烦 希望改回以前的模式 这么越升级越垃圾,没睡醒啊啊啊啊啊啊啊啊,2026-07-16,9.38.1,差评,63
5,呸！根本不好！,"我填了一个2013年2月 说我不符合使用这个APP 可这个小红书不就是12+可以用的吗 我今年刚好12啊？ 

           时间：2025.08.18",brook 汀,2026-07-16,9.38,好评,80
1,删掉云吃吃的软件,会莫名其妙给别人封号的软件 差评,¥@呼呼呼,2026-07-16,9.38.1,差评,16
1,垃圾,巨垃圾,呗呗呗呗叭叭叭,2026-07-16,9.38.1,差评,3
1,改名小黄书吧,连淫秽引流的账号都分不出来，举报通知只说已收到，无语。小红书下海了是吧。,昵称太耀眼,2026-07-16,9.38.1,差评,36
1,啥意思？真封号。,莫名其妙直接给我封号了，什么意思吧？还说我违规，我哪里违规了？直接封号啥意思吧？小红书有病啊，真的是。你们还是去玩抖音吧，真的。,东东姑娘,2026-07-16,9.38.1,差评,64
1,不要乱封号行吗,再乱封号我有损失你们赔，我一定主张民事赔偿告你们,当你差不多能吃,2026-07-15,9.38.1,差评,24
1,账号登录不上,因为有人盗用我的图片，又把我拉黑了，我为了收集证据找了客服客服，让我用其他账号把它盗用我图片的证据截下来，我就新注册了一个账号结了证据以后发现原来的账号不见了，想登录发现怎么都登录不了，手机号微信号QQ号都登录不了，没有账号密码登录，两个手机号也登录不上，我也不知道我当初注册的时候是用的什么，想登录还要重新找回密码申诉，一些莫名其妙的题答一遍就显示验证失败要等24小时才能再打一遍两天了，我还没登上我的账号，找客服客服还让等，一点解决方案都没有，只有这一点，而且还这么不靠谱，我想知道为什么我的手机号微信号QQ号所有的号都登录不上我那个账号，注册的时候不是需要第三方或者手机号吗？那为什么我用所有的App和手机号都登录不上我这个账号？难道这个账号是凭空出来的吗？,琪🎉,2026-07-15,9.38.1,差评,332
1,请小红书别乱封号,别人都说乱封号了，结果我点进来也在乱封号，希望您们不要乱封号行吗？,sr730,2026-07-15,9.38.1,差评,33
2,猎奇,可以改进一下小红书里的点点AI吗 查知识点好多答案都是给的错的，一个AI说话比我还理直气壮🥹还有为什么要莫名其妙封号 那些发表猎奇观点的没见平台封号啊🤣猎奇,🩵🧩,2026-07-15,9.38.1,差评,78
5,小红书读者喜欢💕,平时经常看，丰富业余生活,小芳🍒🍒,2026-07-15,9.38,好评,12
1,不会解决问题,我给我朋友的号发一个购买链接，就给我把号封了，让我必须实名，然后我的实名信息申请，他又说我的实名信息绑定了一个注销的账号，但是我要找这个身份信息又找不到账号，我就问他能不能告诉我是什么原因导致我那个账号是有问题然后注销了的他们也都不知道是什么情况，反正就是说解决不了变得越来越难用了，而且一直还在更新，我记得当年钱包都是可以抵扣的，现在也不让抵扣了快点出个竞品吧，不想用这个软件了,ooo呵呵呵ok,2026-07-15,9.38.1,差评,190
1,超级烂app,所有活动都不建议参与、奖励是不给的 规则是随时改的 客服是装死的,K.？,2026-07-15,9.38.1,差评,32
5,无,真的是一个很好的软件,？。。哦哦,2026-07-15,9.38.1,好评,10
1,请不要乱封账号,我是一个长期不活跃但久驻在小红书里的人 近期我三个账号莫名其妙被封 今天是我用了三四年的账号被莫名封禁 封禁理由全部为账号存在风险  在此期间我并未评论过与发布过笔记 我对此感到深深不理解 在使用期间我还为小红书监督举报过许多违规不友善评论与笔记  在被封两个账号后我搜索到不止我一个人被莫名其妙封禁 在封我用了长达四年的账号后 我觉得我有必要来反馈一下问题了  被封后只能实名认证为专业号才能继续玩 所以我想问 官方随意封号是为了手机众多使用者的私人信息吗 还是什么 为什么近期大批使用者的账号无故被封？期待您的回复,陈奕恒CY_YH,2026-07-15,9.38.1,差评,259
5,小红书审核就是大儍毖,小红书内部现在是不是都是日本人了？看着不太像正常人类在运营管理，小红书应该只有心理变态的才能进去工作吧，但凡发表一些有正常感受的都会被封锁，但如果发的是不好的阴暗的东西就能通过，保护道德败坏作乱分子，但良善的一方会被限制，这样工作真的不会遭天谴吗？真不怕有一天报应上身吗？在小红书工作的人看到这种现象全部都心安理得吗？觉得挣到钱就行？但是挣到的钱会被花在报应上。,给你舔我脚丫子啵,2026-07-15,9.38.1,好评,181
5,很好用,好用,12311🤔,2026-07-15,9.38.1,好评,2
2,iPad pro小红书看不了动图。,只有动态没有声音！希望更新解决问题。,丢丢帽,2026-07-15,9.38.1,差评,18
1,垃圾平台,无故乱封禁账号,pearll123,2026-07-15,9.38.1,差评,7
3,使用起来挺糟糕的,"小红书乱封，社区组织开户，切有些劣质低俗的作品，还有发游戏裸照的都来了，不封坏的只封好的
里面人品真的不怎么样，但也仅限乙游圈了，神人最多人品太差了

但小红书设计风格很不错也方便查找素材什么的还有详细资料或者教程都挺方便的",评论软件测试者,2026-07-15,9.38.1,中评,112
1,放任地域黑，对不同地域评论分层管理,"小红书推荐算法确实好，说东北坏话的就会推到东北ip，这无可厚非。
但是南方ip发言可以截图可以不打码，点赞几千
我发回复截图就变成了敏感信息。
注意我只是截图了对方发言。
小红书终究会被反噬的，只会成为下一个豆瓣下一个知乎。",西西iznogoud,2026-07-15,9.38.1,差评,112
1,因为打5星官方看不到,太棒了太棒了太棒了,神秘网友6,2026-07-15,9.38.1,差评,9
1,sb平台,最恶心的消费平台，淘宝pdd抖音哪个不比你强,温暖四季love,2026-07-15,9.38.1,差评,22
1,离谱,太离谱了,澂軩翙円,2026-07-15,9.38.1,差评,4
1,真的很难评,"彻底对小红书失望，平台风控、客服、申诉体系全方位不合理，严重损害普通用户账号权益。

1. 处罚规则无容错，追溯旧账加重处罚：账号5月底第一次违规封禁，7月3日申诉解封，平台时隔一周筛查历史旧笔记，仅凭早年一条内容，叠加历史处罚记录直接永久封禁，属于典型翻旧账从重处罚，完全不给改过自新的机会。

2. 处罚信息不透明，剥夺用户知情权：封号通知没有任何明细，不说明违规笔记编号、违规原文、对应社区条款，用户根本不知道问题出在哪里，无法自查整改。

3. 申诉渠道形同虚设：站内自助申诉由机器统一审核，无论怎么写诚恳说明都会直接驳回；人工客服无法介入复核，只会重复标准化话术，不能调取后台完整账号操作记录，没有人工复审通道。

4. 连带风控一刀切，牵连无辜账号：同一实名、同一设备登录过的所有账号互通风控档案，一个账号留下处罚记录，后续注册新号会被全程严格限制，轻微操作就触发限流、禁言。
平台一边鼓励普通人分享生活，一边用模糊、严苛的规则随意限制账号，出现误判后没有有效的维权途径，花费时间精力经营的账号说封就封，体验极差，已卸载，不会再推荐给身边朋友。",109376381,2026-07-15,9.38.1,差评,478
1,垃圾,乱封号,哈哈哈哈哈哈姐姐家爆款,2026-07-15,9.38.1,差评,3
5,里面的内容很有趣很喜欢。,小红书是跟别的不一样的，他会总结，你喜欢看什么呀？喜欢什么呀，就是来发表这个视频。,掉进米缸里的川兔,2026-07-15,9.38.1,好评,41
1,差评,新注册的用户是一点流量不给啊！！！！！！！,nilaotiannai,2026-07-15,9.38.1,差评,21
3,一直更新,本来用的好好的结果就一直在更新账号也一直弹出来说要重新登录，问了客服客服说要更新可我一直在更新啊,恬^,2026-07-15,9.38.1,中评,48
1,.,垃圾小红书 动不动就封号,开始了看得很,2026-07-15,9.38.1,差评,12
5,五星好评,非常好用非常的棒,阿潘在长沙,2026-07-15,9.38.1,好评,8
1,下了个小红书，才算是见到了物种的多样性,有的时候是真的分不清是真的，还是串子,澪零落落,2026-07-15,9.38.1,差评,18
5,闲聊,瞎看,釘龙,2026-07-15,9.38.1,好评,2
1,拉完了，请的王蒙，垃圾解说，直接卸载不见,拉完了，请的王蒙，垃圾解说，直接卸载不见,@不托特,2026-07-15,9.38.1,差评,20
1,看球赛连全场回放功能都没有 在干嘛啊，阿根廷vs英格兰的比赛 结束30分钟了，还是没有全场回放,干嘛吃的，小红书也太差了吧，这种app 用完直接删除差评,danny grace,2026-07-15,9.38.1,差评,28
1,污秽,垃圾app，从里到外充满着浓郁的不可描述的气息,tony老,2026-07-15,9.38.1,差评,23
3,希望可以再加一些功能,"比如：小红书号一年可以改一次
添加已读和未读
主页绑关系",逍零好,2026-07-15,9.38,中评,28
1,乱封禁,乱封号玩屁啊，评论自己知道的好玩的地方还能封号，不让评论就把评论功能关了吧,...！！！？？？、、、,2026-07-15,9.38.1,差评,37
5,一颗都不想给,姐姐看了你家内容非要跟我分开！差评！,哭哭…^_^,2026-07-15,9.38.1,好评,18
1,视频播放永远卡顿,视频播放功能一直值得吐槽……,不忘初心：全心全意为人民服务,2026-07-15,9.38.1,差评,14
5,求一个新功能,就是把作品设置仅自己可见后就自动收入私密文件夹。这样方便自己调整主页，观感更舒服。不然还要登小号看主页排版。ig、dy什么的都是这种模式，真的求一个这个功能。,中国加油华为加油,2026-07-15,9.38.1,好评,79
1,一不小心点进了未成年模式，现在都不好关了,气死人了,望远镜发现了,2026-07-15,9.38.1,差评,4
1,通知你🐴个闭,弱智,子薙,2026-07-15,9.38.1,差评,2
3,无语了,我不知道小红书每天都在更新啥？天天都在更新没事情干吗。。。,俺不是孬种吧,2026-07-15,9.38.1,中评,29
1,垃圾机制和规则,别人随便骂没事，我发个什么就违规,小红书📖垃圾,2026-07-15,9.38.1,差评,16
4,红薯,小红书能不能出一个一键取关,予予 信予,2026-07-15,9.38.1,好评,13
1,什么玩意,发三条私信就封三天俩头封一次我什么都没聊呢,dtjdkhclckhd,2026-07-15,9.38,差评,21
1,劣币驱逐良币,卸载了，只能说劣币驱逐良币，骂街引战的，诈骗的，卖彩票的，是一个不管，伸张正义的被禁言。中央快来查查这个平台，该取缔取缔了。,Jennifer0304,2026-07-15,9.38.1,差评,62
1,小红书我对你太失望了,难用,盼雨芯,2026-07-15,9.38.1,差评,2
1,乱封号！ipad版的画质特别差！,很久就开始玩小红书了 但是前几年开始发作品评论区有时互动 结果每次莫名其妙给我禁言 封号 后面换了账号又给我封了 最后这个设备被永久封禁了 什么号都用不了 后来就卸载了 最近又下回来是因为小红书上有很多原创图纸要用 结果没想到平板版放大全部都是模糊的 只有手机版放大才有高清 无语😓,到都月,2026-07-15,9.38.1,差评,141
4,暗网一个,有时候审核员睡着了吧，什么猎奇视频都通过审核了……,鲕亿,2026-07-15,9.38.1,好评,25
1,又怂又贪财,从旺旺这件事儿，就可以看出小红书走不远了。又怂又贪财，实在很不行❌,Dwhzg,2026-07-15,9.38.1,差评,33
4,还行吧,我用了小红书很久。但是我换新平板的时候，好像不可以三个平台同时登陆这个账号，希望以后可以更新一下,千夜（小红书）,2026-07-15,9.38.1,好评,48
1,垃圾软件,垃圾软件，全是些打拳的，早点下架了的好,狗ch死吗,2026-07-15,9.38.1,差评,19
1,垃圾中的战斗机,藏污纳垢的毒瘤聚集地,散帅凝聚力,2026-07-15,9.38.1,差评,10
5,小红书特别棒,用到小红书可以解决很多问题,糯什么米糍,2026-07-15,9.38.1,好评,13
1,小红书还号,不是，你们是不是有毛病？该禁言的不禁言，在这进一个我一直登的账号，现在什么消息都发不了，一直都在申请，然后你们的管理员跟瞎子一样，能不能好好审账号，不会做软件别做,￼蛋仔🆔我爱阿UQw 找超燃固玩￼看到的都搜我￼￼,2026-07-15,9.38.1,差评,81
1,只会胡乱封禁,申诉任何用处都没有，只会胡乱封禁，明明账号没有问题，就直接给你封了。,亘古不变的是谁,2026-07-15,9.38.1,差评,34
1,了不起的app,"同样的作品发，某音，某手，直接热门
发这个app直接封禁👍",天平⚖️不平,2026-07-15,9.38.1,差评,29
1,不要乱封账号,我解除这个呢，要实名我实名了呢，又不给我通过书没有这个人我这一次实名跟我之前这个账号的实名都是一模一样的人，他不给我过,葵🌟,2026-07-15,9.38.1,差评,59
1,平台笔记莫名其妙和客服问题,笔记莫名其妙违规，没有发一条通知信息，是我自己看到笔记违规找的客服，客服完全人机来的，根本不解决问题，工资很好混吗还是怎么的？只会让你自己改改改，完全浪费时间沟通，一直以来都很喜欢xhs这个平台，但是这次真的很让我无语………（解决下你家客服听不懂话的问题吧，说了20分钟给我来一句“我不太明白你说的..”）,解决客服问题,2026-07-15,9.38.1,差评,153
1,男的 男宝妈 爱男解最爱的app小红叔呀,喜欢我一直推荐虐待动物地域歧视的小红叔吗？嗯？说话！,别做了好难玩,2026-07-15,9.38.1,差评,26
5,搜啥都能找到特别好有,"《全世界陪我出发》（截取到指定位置为止）

张桂源：
全世界陪我出发
感受心跳的变化
一起走过的地方都开出花都向着他

杨博文：
其实不用放心上
也能够感受到光芒
把遗憾一点点收藏变成力量

左奇函：
看指针一点一点
我也开始踮一踮
犹豫快稀释一些
被风吹远一点",喝几口金包,2026-07-15,9.38.1,好评,131
1,管理员只是在营造虚假的和谐,发布宠物内容莫名其妙引来一群极端分子辱骂，两百条的诽谤和人格侮辱里我就回复了一个🚮人，就给我永久封号了，寻衅滋事的账号不去处理跑来封我的嘴，不玩了，没劲。,最讨厌xhs的账号,2026-07-15,9.38.1,差评,77
1,卸了,收钱删评论都干得出来，也就这么回事吧,呼吁提高 v,2026-07-15,9.38.1,差评,18
1,小某书,搁这刷好评你也不能上市啊,胖子与小男孩,2026-07-15,9.38.1,差评,12
1,垃圾,干嘛乱封号 我又没干嘛,雨太苦,2026-07-15,9.38.1,差评,11
1,能不能让人来审核,这个平台我之前是特别喜欢的，然后后来我的第一个账号就是因为我和我朋友的私信莫名其妙被封了但是我们没有聊过违规的内容然后我开了第二个账号然后找到了我之前的好友告诉他们我换账号了以后在这里跟我说话然后告诉几个人之后我就被封了永久的。小红书我恨你我两个账号都是让你这个神人审核机制搞没的啊，，。,15_Fif7eeNqwq,2026-07-15,9.38.1,差评,144
1,真的无语,刚刚注册就发现账号之前被人盗了，被发了各种乱七八糟的东西，冻结了，什么都查询不了却要求我提供各种只有平台内部能够查的到的证据，打客服电话也是只有傻瓜选项完全他说我听根本没有真人，说来说去就只可以找平台申诉，申诉申请过去又说我没有证据，不是没有啥具体证据要跟我说让我去准备啊就这么干溜溜一句是要干嘛，明明只是要上大学了很多事情不明白想要找学长学姐问一问整出来这么多破事儿，只能说能长出来一大堆打女拳的也是平台属性吧，六月港股上市失败丑闻大爆发只能说资本赚钱真难看，好似喵,*一个无语的用户,2026-07-15,9.38.1,差评,234
1,死机,自从打开了青少年模式以后，小红书就经常死机非常的死他的状态就是一直卡死卡斯卡斯卡斯到了12:00以后也是非常的卡，甚至还黑屏，希望你们可以把青少年模式这个功能非常感谢,鱼蛋，加油，￼￼,2026-07-15,9.38.1,差评,83
1,一星都不配,平台大部分女性用户三观有问题么？,滑大鸡,2026-07-15,9.38.1,差评,16
1,能不能完善一下机制？在别人评论区对骂多了之后把他号给他封了呀？,发个帖子自己吐槽一下，啥也没干呢，一堆人上评论区给我教育了一顿，要理解他人,再炫半拉🍉,2026-07-15,9.38.1,差评,37
1,垃圾平台,全是营销号和云狗的平台,会说话的小盒子,2026-07-15,9.38.1,差评,11
1,陈浩是英雄,脸都不要的垃圾公司，天天宣扬负面价值观,张先森何弃疗,2026-07-15,9.38.1,差评,19
1,6,啥玩意,或许这并不是奶茶,2026-07-15,9.38.1,差评,3
1,垃圾,垃圾应用，吃人血馒头，激化男女关系，国家还不管？！,逛逛公园看看风景就好了,2026-07-15,9.38.1,差评,25
4,增加支付代付功能！！！！！！,增加支付代付功能！！！！！！ 我要让我老公付款,大玲啊呀喂,2026-07-15,9.38.1,好评,23
1,你们小红书改名叫鸡书算了,一刷一个鸡贴，污染眼睛,要什么昵称啊真是的,2026-07-15,9.38.1,差评,11
5,很支持！！！,非常好用，非常nice的软件,zc0713,2026-07-15,9.38.1,好评,14
1,全是广告全是水军,差👎,xbbbn，,2026-07-15,9.38.1,差评,2
1,广告太多了,所有视频没有一个不带广告和引导的 举报也是没有任何作用,呵呵哒 小红书倒闭的了,2026-07-14,9.38.1,差评,27
1,史上最容易封号的软件,从来没碰到过如此超绝敏感肌发点啥就引流违规，一堆卖课的算命的在评论区发你不管。素人号随便说点啥就抓关键字给封了，注销还得等封禁结束才能重开。搞笑不？申诉也给驳回了就是判定我违规，写了说明也不好使的话你开申诉界面是耍我的是不？已经卸载。,Alluv--,2026-07-14,9.38.1,差评,117
5,好玩好用,每天都能搜索到好玩的东西,Dfgdsxbusxnkjysxg,2026-07-14,9.38.1,好评,12
4,无敌巨垃圾,跟客服沟通，想要解绝问题，客服在那搅浑水，根本没有想要提出解决问题的意思！！,哦 哦。,2026-07-14,9.38.1,好评,38
5,美女多😝😝😝,多美女😝😝😝,美女多😛😛😛,2026-07-14,9.38.1,好评,6
1,只能打一分没法更低了,这就是女拳师培养中心，应该被封禁的垃圾软件，不利于共产主义建设。,泥巴泥巴_,2026-07-14,9.38.1,差评,32
5,时代少年团,多给我推时代少年团的物料和视频呗 然后我希望不要再在未经我同意拉我进足球圈梅西粉丝群了 我不喜欢梅西 希望官方大大好好想想,无西城,2026-07-14,9.38.1,好评,61
5,看球必备,高清全程无卡顿,海棠听雨（HHY）,2026-07-14,9.38.1,好评,7
5,强烈建议,🍅市集免费课堂 后台声音dts播放 不要小窗,yyds666兔兔兔兔,2026-07-14,9.38,好评,22
5,素质好,素质好 比快手的一些人好多了,可以可以可以可以可以可以可以可以嘻嘻嘻嘻嘻嘻嘻嘻嘻嘻,2026-07-14,9.38.1,好评,14
1,区别对待，恶意封号,没来的都别玩了，特别恶心的一个app,个在让我给你哦去垃圾,2026-07-14,9.38.1,差评,18
1,乐色,改个个签避开骚扰的人，那些蝗虫没事，被骚扰的还要封个签，乐色东西,yuvanny,2026-07-14,9.38.1,差评,32
1,垃圾的要命,从头到尾都是一个垃圾app不用多说了，发的评论别人看不见,fromkjy,2026-07-14,9.38.1,差评,28
5,爱书,小红书真方便,爱书小宝b,2026-07-14,9.38,好评,6
1,每日一差评,乱封我号  每天一个差评,长虹路首帅,2026-07-14,9.38,差评,12
4,还不错,攻略挺好的，就是小红书世界杯那些解说讲得一坨勾史,Vertin13,2026-07-14,9.38,好评,24
5,iPad为什么不显示自存表情包,自存表情包只在聊天的界面有显示 每次想在评论区发表情包都不行 官方快点改,困住我的只有你,2026-07-14,9.38,好评,36
1,就是个搞对立拉踩引战的平台,平台推流，正向不推，反向使劲推，屏蔽词根本不管用,少叨叨,2026-07-14,9.38,差评,24
5,这个 app 不错,值得拥有,夜幕🌙,2026-07-14,9.38,好评,4
1,发了和朋友的聊天记录莫名被封,纯分享无恶意，我不知道怎么检测出来不友善的，太恶心人了吧！申诉也没有用，小红书客服还不如人机，都干嘛吃的,sdfgffdddcffftghjkkj,2026-07-14,9.38,差评,52
1,已变成很烂的软件,广告满天飞 拳满天打，走过路过都要无缘无故挨打，莫名其妙的，涌挤了很多神人，不日将与**并肩。然后是很容易被禁的，有的言论就能满天飞，已经变成控制工具了。呵呵。,eryusai,2026-07-14,9.38,差评,80
1,关于一些体验特别差这件事,在体验过程中，小红书的审核应该加严，并且强烈建议加像lof这种的标签。没有的话仅仅靠平时搜索养成数据很烦，每天会刷到无数自己剧雷的东西，看着头疼。而且在文章发布时，字数太少了，写稍微长一点的就不行了，有时候做考据还要分成好几段，读者根本没耐心读完。体验真的不好，lof虽然也不适合我但是总有懂我的人。小红书上看了一会全都是角色黑，而且标签有时候很难加。精心准备的文字得不到认可，心里很不平衡,injuyi,2026-07-14,9.38,差评,195
1,一言难尽,小红书这个App真的很恶心，就是看一点娱乐搞怪的东西，他一直给你推，推到你忍受不了为止正经的东西你看一点他一点都不推给你建议真的别下小红书,沈梓芃,2026-07-14,9.38,差评,69
1,低素质人多,随便评论都能引来一群追星母勾乱攻击,fhhgbfhh,2026-07-14,9.38,差评,17
5,小红书,小红书真是太好了，有好多好多好看的视频，你问的几乎都能搜到答案，快来一起玩吧☺️,陈婷4656,2026-07-14,9.38,好评,40
1,偏执,带点偏执的意淫一类人的随心所欲，短剧糟糕透了，都踏🐎情啊爱啊的，糟粕,垃圾软件2033,2026-07-14,9.38,差评,34
4,我求你让我们更改小红书号吧,学wx那样一年一次也行啊，我顶着前担相关的小红书号都不敢在plq厮杀了,tian5933,2026-07-14,9.38,好评,35
1,乱封号,垃圾软件毫无根据乱封号,皮皮虾）k k l,2026-07-14,9.38,差评,11
1,被刺女性,"特别糟糕一直封杀女性主义博主，	
一开始明明是女性友好软件，靠卖货起家赚到钱了不认人了。",小🍠死了,2026-07-14,9.38,差评,44
1,背刺女的,特别糟糕一直封杀女性主义博主，一开始明明是女性友好软件，靠卖货起家赚到钱了不认人了。,我恨你小🍠,2026-07-14,9.38,差评,42
1,小红书私信这一块,真的是拉爆了，发消息经常发不出去，而且经常我打了半天字显示空白,oi有事拨打喵喵零,2026-07-14,9.38,差评,31
1,垃圾通知,总是建议打开系统通知，还时不时跳转，你猜我为什么不开通知呢？用你提醒然后跳转吗！垃圾软件,124533662803,2026-07-14,9.38,差评,44
1,好评是刷的吧,一天到晚只会乱审核 违规的源头不去审核不封号 只知道欺负我们这些受窝囊气的👋掰掰了 不会再玩小红书了 寒心,sokaen,2026-07-14,9.38,差评,53
1,2000多万个评论，我不信,小红书有2000多万个评论评分还高达4.9，我不信。xhs的是个什么软件懂得都懂，毫无社会责任感,wk11212,2026-07-14,9.38,差评,48
1,价值观太垃圾 幸福的人不要靠近,用恶意对立价值观 崇拜消费主义至上 平台管控不严 多次被批评 激化矛盾 带偏正常人观念,mr.111.mr,2026-07-14,9.38,差评,43
4,数据分析可以保留至视频发布后60天的数据吗？,只保留发布会14天的数据，会让我不清楚14天后的数据是怎么样的,明月几时有moon,2026-07-14,9.38,好评,31
1,总给我推送擦边 笑死了。,擦边 擦边 擦边。打开永远是这玩意。,GGBruceGG,2026-07-14,9.38,差评,18
5,法国🇫🇷加油！！！,Vive la France！！！法国队加油！,俄希索斯,2026-07-14,9.38,好评,23
1,恶心的处理方式,暗戳戳屏蔽帖子还要切号才发现，几十个视频被屏的只剩个位数，也是把日本人那种当面一套背后一套学的十成十💕你也知道我没什么被屏蔽的理由所以就暗戳戳搞这套。。。。恶心至极,我是你爹行了吧111,2026-07-14,9.38,差评,82
1,🈚,莫名其妙就封我账号，我也不知道是不是我的问题，我啥都没干就封，我玩这么久，你们就是这样回馈我的？这就是态度吗？我被盗号也不管，怎么，要我怎样啊！,樂䌊,2026-07-14,9.38,差评,72
3,为什么视频栏目下面不能恢复旧版本,之前我更新了 反馈了这个问题 今天一打开给我换成新的视频版本 我用不习惯新的 我申请换成旧的视频版本 点赞评论收藏选项都在顶部,心如止水2.0,2026-07-14,9.38,中评,63
4,视频循环播放建议,你好，我想提议开一个视频后台无限循环播放的按钮，没有这个功能对我的影响也是相当之大，为我的生活带来了极大的不便，希望官方可以看到，我也是一直支持着小红书的老用户了，谢谢！,ᝰꫛꫀꪝ ᝰꫛꫀꪝ ᝰꫛꫀꪝ,2026-07-14,9.38,好评,85
1,乱封号,莫名其妙弹出安全风险找客服还解决不了 垃圾 垃圾,呆冷^,2026-07-14,9.38,差评,24
1,真垃圾,能不能好好审核，我的作品想怎么发就怎么发你还警告上了，都不去发了就老实了,zhanhshuwei,2026-07-14,9.38,差评,36
1,很差劲的平台,举报申诉拉黑等制度极不合理,阿咩呀777,2026-07-14,9.38,差评,13
1,恶心,恶意限流，用水军刷好评,易言彬彬,2026-07-14,9.38,差评,11
2,麻烦啊,Mac端老自动退登，我一天要手动登陆不下十遍……！！建议弄个tag屏蔽功能，专辑能不能自主调顺序，Mac端每次点进tag后整体画面会缩小，这些能不能都改改,5秒想到这个名字,2026-07-14,9.38,差评,77
1,垃圾,垃圾，尽推送广告和三观不正的东西,鼻血石头,2026-07-14,9.38,差评,16
1,焦虑制造器,怀孕的人慎用,Yfxiaoyang,2026-07-14,9.38,差评,6
5,爱你小红书,爱你一辈子,sjsisoakahaoao,2026-07-14,9.38,好评,5
1,臭不要脸小红书,发关于揭阳虐狗事件的帖就直接给我禁言封号 你就这么护着虐杀犯吧 小红叔 恶心,qzldnpy11,2026-07-14,9.38,差评,38
5,我干什么了，为什么要封我号。。。,我已经换过一个号了，这个号刚用没多久就突然给我封了，我什么事都没干，每次都是这样。。。。。,歪4536,2026-07-14,9.38,好评,45
5,很喜欢,很喜欢用小红书 已经很多年了,笨丫头哦,2026-07-14,9.38,好评,14
5,小红书伴着我成长,有了小红书我的世界打开了，同时可以分享我的生活，太棒了👏,碳基体Q,2026-07-14,9.38,好评,28
5,小红书生活,对小红书我很满意，正式开始我的小红书生活,甜心7号,2026-07-14,9.38,好评,20
1,商业合作官方客服差评,号被封了算了，说了剩余的薯币怎么处理一直叫我找苹果，按照步骤说那边没有这个选线还一直叫我去找，请问找什么呢？不想处理就直接说，不要一直重复不断重复拖着，我是真的被弄到生气了😡,MKmiankong,2026-07-14,9.38,差评,87
3,个人感觉还挺好的,整体用起来都还不错，没什么很大的缺点，除了不给流量以外，其实还好了,￼咩咩咩咩咩咩咩咩咩咩咩咩咩,2026-07-14,9.38,中评,33
5,知道,．．,chess,2026-07-14,9.38,好评,2
1,女权软件，大家别用,但凡你有一丁点和她们价值观下的秩序违背的评论，她们会用她们价值观下的真理打到你跪地求饶都不善罢甘休,Pushhard123,2026-07-14,9.38,差评,49
4,暂停视频截图的时候总是会戳到播放键,做一下iPad适配，截图时候的体验感不太好,雪青紫大王,2026-07-14,9.38,好评,21
1,.。,姐妹们冲鸭,无23890,2026-07-14,9.38,差评,5
1,他不要,hìiig,D2ekl,2026-07-14,9.38,差评,5
1,黑心企业,上市失败,1单哈哈哈哈,2026-07-14,9.38,差评,4
2,小红书不要无缘无故封号,今天昨天两天连着两个号被封 找了客服 客服不解释我为什么被封 一味的让我实名认证 …,啊啊啊啊嗯嗯鹅鹅鹅,2026-07-14,9.38,差评,42
1,超绝敏感肌封号,扩个列也能封，申诉也没用，也不和你沟通，通知你一声就完了,gjgujkendjns,2026-07-14,9.38,差评,28
4,评论发不了自己收藏的表情包,不是，我真的服了就是为什么我私信是可以发我自己收藏的表情包但是评论为什么不可以啊😅🥹,Bbnn5622,2026-07-14,9.38,好评,42
1,不好用,9.38版左滑返回没反应，需要点击左上角返回键才有反应 无法左滑返回,_”.ilal,2026-07-14,9.38,差评,34
1,吞评好死,祝你永远也上不了市。赶紧破产。,哪家吞评哪家老总冯biss,2026-07-14,9.38,差评,15
1,差评,王者输了，差评,为三四成群,2026-07-14,9.38,差评,7
5,xhs,给到夯,嘻嘻hhhaaa,2026-07-14,9.38,好评,3
5,绝版,重新认识王朔，的的确确是位伟大的作家，前无古人 后无来者，赞赞赞👍,牛气味,2026-07-14,9.38,好评,33
1,审核过于宽松,太多文案过于宽松，不利于社会和谐稳定,小红书.-：；,2026-07-14,9.38,差评,18
5,非常好,非常好,dhdbnebrkr,2026-07-14,9.38,好评,3
2,请优化 iPad 端评论区显示，快要乱码了,文字要么显示不全，一个字只有一半，要么“展开”永远点不到，一点就是回复评论，要么评论区视频盖住一般文字悬浮着。还有，字号调大评论区文字对不齐，只会左端对齐，有点烦了，好长时间了每次更新都没有修复,needtochange,2026-07-14,9.38,差评,97
1,交互太差劲,首页的内容点进去有的是视频，或直播，还以为是图片，突然公放声音,m20150123,2026-07-14,9.38,差评,31
5,好,对装修很有帮助,a我的树,2026-07-14,9.38,好评,7
5,好,里面有很多喜欢的图纸,￼主题壁纸，￼,2026-07-14,9.38,好评,10
5,小红书里的氛围很好,Cood,’执念.,2026-07-14,9.37.2,好评,4
1,一坨狗屎，谁下谁享福,先不说有一堆害人低脂，坑蒙拐骗的帖子，就你们那个账号封禁的理由是真nb。我就因为之前单位有活动才注册账号，没用半个月就把app删了，现在又是外部原因让我下回来了。一进去就说我账号违规，永久封禁，而原因竟是有两个类似骗子引流的账号关注我了，所以一起封禁。何意为？还强制要求实名认证，给客服反映后直接踢皮球啥也不管，👍👍👍谁下谁享福🙄🙄🙄,丝绒愿,2026-07-13,9.38,差评,167
1,戾气最重的平台,我发相同的观点，这里杠精和阴阳怪气是最多的 ㊗️早日下架,天一0849,2026-07-13,9.38,差评,28
1,服了,官方你加油吧，我已经被盗了好几个号了，安全系统被你们吃了？,服了，安全系统真的没有用脑子,2026-07-13,9.38,差评,29
5,yyds,太牛逼了 我从小用到大啊 想知道的一搜就出来了 社区也非常友好文明 关键是社区管理好 作品笔记质量也高,压力我打不死人,2026-07-13,9.38,好评,51
1,卖国APP,网络女犬的大本营！三观不正集合体！毫无下限的垃圾APP,渍jdbzhs,2026-07-13,9.38,差评,27
1,连给自己卖命的员工都坑🕳️,连给自己卖命的员工都坑🕳️,韩信并,2026-07-13,9.38,差评,13
5,流量,小红书宝贝我给你每个都点五颗心哦给我流量好不好呀？我只要流量啊我决定一辈子都玩小红书啦给我流量好不好🥺,虞希ovo,2026-07-13,9.38,好评,51
5,太好了，好多好看的都在这,五星好评,见之不忘。。。,2026-07-13,9.38,好评,4
1,“一个字”,垃圾，一个星都嫌多,nininyqming,2026-07-13,9.38,差评,9
1,为什么。要。，无缘无故封我号。。。,辛苦干了六个月的号没惹。。。，而且我没干任何违规的事！,可以继续好点吗,2026-07-13,9.38,差评,27
5,好,从小到大👁️👄👁️,考拉🐨123abc,2026-07-13,9.38,好评,9
1,泄露隐私,不好用，非要别人实名认证，泄露个人信息，还有一堆马扁子。监管不力,花海阿,2026-07-13,9.38,差评,32
1,怎么这么恶心，世界杯按钮关都关不掉，给不看男足的人一点生存空间不行吗！！！！,到底在更新什么！突然跳出来的tag，关还关不掉！,xiuxiuby,2026-07-13,9.38,差评,24
2,小红书你真的糟糕透了好吗？,什么莫名其妙的推荐啊？什么莫名其妙的审核啊？性骚扰未成年的被封号结果一过实名认证就能解封？什么处罚都没有？那封号的意义是什么啊？就不能搞个一定时间内不能私信他人，在别人那里有提示吗？还有一堆性压抑对女生开黄腔，这些你都要视而不见吗？还有那个搜索我真的不想说什么了，能不能不要因为我平时爱刷这个我搜索也给我推。我去搜个火影给我推一堆咒术回战绘画作品是怎么回事？我真的受不了一点，几年前我搜手抄报也给我推一堆动漫。我希望你们能整改这些。,恶搞也不饿一天发出工业部混合,2026-07-13,9.38,差评,216
3,不要乱审核作品,我挺喜欢小红书的，上面有关心我的人但是不要每次发完作品乱审核已经明确地说过那个不是血液了，只是普通的颜料而已每次作品都要封而且我想看的，我已搜索出来为什么都都是我不想看的，我玩得很久，但是为什么每次点赞两个一个评论也没有？我真的很生气，而且有时候你给我发的我也看不懂。,家产99😍❤️,2026-07-13,9.38,中评,134
1,体验糟糕的app,正常使用莫名封号，申诉过了一个月没人受理，客服永远排队超99人,？？9044,2026-07-13,9.38,差评,31
2,直播太耗流量,观看直播流量消耗巨大，不能改进一下吗,LeoYang01,2026-07-13,9.38,差评,18
1,2年了这个评论没有任何改变首页推荐能不能少一点视频,只想看图文，为啥你要强迫人刷视频,还是没有鼓起勇气说爱你,2026-07-13,9.38,差评,16
5,小红书小红薯,给五星吧，很多方面有待优化,爱美大人,2026-07-13,9.38,好评,13
4,拉拉拉,我不知道,什么是昵称后面,2026-07-13,9.38,好评,4
1,乱封号,糟糕的要死，乱封号还没办法申诉，客服全都是模板，去哪里都没办法解封，糟糕的要死,我也算没招了,2026-07-13,9.38,差评,39
1,莫名其妙封禁账号非要上传个人信息才解禁,垃圾,雪儿莉莉,2026-07-13,9.38,差评,2
5,调教决定一切,如果你用心甄选每条视频进行收藏这个小红书真的很高级,nfc苹果手机圈存,2026-07-13,9.38,好评,25
1,挺差劲的,视频不好好筛选 浏览量十分低有的甚至为0不懂意义在哪 还天天在那乱说违规问题是证据没有 提交素材证据之后就直接驳回 好好提升一下吧,垃圾桶里有垃圾有垃圾有垃圾有,2026-07-13,9.38,差评,65
1,垃圾小红书,推流有问题，禁烟的不退抽烟的推，辱女辱华可劲儿推，美其名曰“创作自由”，怎么轮到女性主义、建议国家建设的就不推了？还给阿喵封了，创作自由呢？咋滴，非得露个睾丸胸就算自由呗？垃圾小红书知道自己服务对象是谁不？已经成小嗲书了！,他复读机啪啪啪特特哦热可可拍啊热,2026-07-13,9.38,差评,111
1,纯受气,独裁又制杖的平台 要不是圈子必须用它 狗玩意儿谁用谁受气,下了个爱屁屁竟然不能用的土鳖少女,2026-07-13,9.38,差评,28
1,女厕所,一群母狗抱团取暖的女厕所,迷妹遍地跑,2026-07-13,9.38,差评,12
5,小红书值得关注,作为一个小红书的用户非常满意小红书媒体平台认真对待用户群体的申诉并且能够及时进行处理非常好👍千万不要学今日头条动不动就是禁言封号处理那是一种无能的表现早晚会被老百姓抛弃的让人说话天塌不下来😂再一次感谢小红书的后台管理人员的帮助🙏,好人会有好结果的,2026-07-13,9.38,好评,114
1,使用感不好,审核机制很恶心，漏洞多，搜索机制也很薄弱，都是为无关紧要的东西，很差,Allure周,2026-07-13,9.38,差评,34
1,关于系统勿判,我有一个小号，我根本没有做违反以上规则的事情啊。那你为什么要把我封号了？你有证据吗？而且我违规的内容你也没跟我讲，我该怎么改你跟我说我该怎么改，我根本就没有做一些违法的内容。再说我又没在网上发脏话，凭什么给我封号？,来自阳光水灵灵的小阳春,2026-07-13,9.38,差评,107
1,女厕所,女厕所,夜猫儿哇,2026-07-13,9.38,差评,3
1,阴阳合同,阴阳合同,….：！hshdxh,2026-07-13,9.38,差评,4
1,非常差的独裁式封禁,被人骂了只能受着，这就是现在的小红书。更好笑的是小红书官方客服，无脑的服务，每次都要认定就是你的问题。受害者有罪啊，还搞王者荣耀一样的自我驯化机制，强制用户所谓的答题，屈服于小红书不合法的社区规范。真就是恶心到家了,ErinJJ1225,2026-07-13,9.38,差评,107
1,垃圾,垃圾软件，色情她不封，封我一个要衣服链接的，几个号都是这样，有时候换个头像都封了，真的屁事多，官方也不是人,垃圾东西App官方不是人,2026-07-13,9.38,差评,53
1,垃圾 乱封账号,sb,zhygsgs,2026-07-13,9.38,差评,2
1,ios端适配太差,为什么小紅書在iOS端设置帖子仅自己可见之后，依旧会显示在主页？但是在安卓端就会收进隐藏夹？这么基础的功能说了两三年一直不改，看自己主页真的很污染！在这个功能没更新之前只能给一星差评！,9966brinki,2026-07-13,9.38,差评,92
1,乱封号,什么破玩意啊  乱给我封号,自我革命你摸,2026-07-13,9.38,差评,13
1,卡卡卡！,太卡了！！！！,微微晓宇,2026-07-13,9.38,差评,7
1,更新后卡的不行,一年更新一次，更新后各种网络加载不出来，页面卡住无法操作，绝了。,曾今的谁,2026-07-13,9.38,差评,32
1,拉高用户年龄,全是小孩小学生 初中 嘴里网络用语 生活不如意乱喷人 这样没人会在用小红书的 准备卸载了 这个软件精神病太多 网络氛围不健康戾气重 明明那么好的软件 引来这群人太恶心了,人人鸭,2026-07-13,9.38,差评,84
3,别再给我推对家了,别再给我推对家 逆家了 推送机制可不可以灵活一点👊👊👊👊很容易被创👊👊👊☝️☝️☝️,xhs 不要再给我推逆家对家了,2026-07-13,9.38,中评,42
1,垃圾软件,垃圾软件  莫名其妙封号 发个消息号就没了 我干嘛了 我开4个号 全被封了，不解决问题 别下,。/：；¥“（¥@/：；gc,2026-07-13,9.38,差评,46
1,价值观扭曲的垃圾公司,价值观扭曲的垃圾公司，对社会造成持久的恶性影响,我真的无语啊😓,2026-07-13,9.38,差评,23
1,不要下载小红书,小红书给你搞禁言，真的不要去弄，真的真的不要弄真的，我今天就被禁言了好几天，而且我并且也不知道什么原因，我就被举报成这个样子了我，并且这几天我连说都没说大家一定不要下载小红书,木木一切,2026-07-13,9.38,差评,87
1,赛博锁妖塔,一定不要把妖怪放出来啊,zhengyi之火,2026-07-13,9.38,差评,11
1,为了陈浩,小红书是傻B,DodDictator,2026-07-13,9.38,差评,6
5,很好,可以看片,天天开心#～,2026-07-13,9.38,好评,4
1,某书无缘无故封账号，客服什么也解决不了,我的号被封了，只有一个通知，根本不知道怎么了，生气了就注销了，但是连绑定的手机号也不能用了，和客服说，她只是说去查一下，什么也没解决，又说为了保护隐私，不能查，这就是我的号，特ex，什么也说不清，过一会又不管我了，这什么态度，说了也听不懂，也什么都不能做，做什么软件，这么高的评分怎么来的，搞笑的吧,ex客服四远点,2026-07-13,9.38,差评,149
1,广告多的要死,玩个游戏全部都是这个广告，烦死了,Dhdiekejjdke,2026-07-13,9.38,差评,16
3,何意味,里面为什么有人写男同啊，很恶心好吗。嗑的cp也是离谱的。有人素质高，有人素质低。建议大家别评论，别发内容，别碰动漫小说追星这几个圈子。除此之外还可以。,哟齁齁齁,2026-07-13,9.38,中评,75
1,就允许其他粉丝来骂我们，然后我们骂回去还要被封号。,凭什么是他们先来骂我的，他们举报我还我还会被封号。他们那么多人来骂我一个。,雷白男的千万别下载。骂了容易被封号，说不定审查官是白男粉丝。,2026-07-13,9.38,差评,37
1,吞赞不解决,烦死了申诉也没人理，到底有没有真人客服啊,poppypummy,2026-07-13,9.38,差评,20
5,好的,好👍,带好东西撒上,2026-07-13,9.38,好评,2
1,垃圾公司,垃圾公司，压榨员工，黑心昧良心资本家,就是挺好呀的，大家来玩吧。,2026-07-13,9.38,差评,18
1,干不起趁早拉倒 发啥都违规,不知道您是怎么了,hdddddv,2026-07-13,9.38,差评,8
1,动不动封号,必须差评 乱封号 差！差！差！,-春季,2026-07-13,9.38,差评,15
1,你凯叔叔告诉你这个软件拉完了,煽動民族仇恨、民族歧視罪：雖然主要針對民族問題，但若藉性別議題煽動對國家政策、社會制度的仇視，情節嚴重的，可能適用《刑法》第249條，最高可判十年有期徒刑。,zhāng kaì,2026-07-13,9.38,差评,78
1,账号被封，客服永远是那几句话！,在别人作品下面评论说南京夫子庙不太建议去，人很多，而且大多数是卖东西，然后就被封号，,1234¥4,2026-07-13,9.38,差评,42
5,一个很好的学习平台,各种各样的领域；各种各样的人，真诚分享自己的各种各样的美好，积极向上的东西……,万宝路黑,2026-07-13,9.38,好评,39
5,更新太频繁了,每次朋友发我信息我都得先更新才能进去，太不方便了,asty6253,2026-07-13,9.38,好评,24
1,难用,打不开 哪来那么多bug？,🧊达西🧊,2026-07-13,9.38,差评,13
1,垃圾平台,就喜欢随意处罚，也说不出具体原因，平台也太随意了吧,小情绪123456%,2026-07-13,9.38,差评,25
2,不咋,雷霆小孩太多了,なんせつ,2026-07-13,9.38,差评,7
1,能不能别莫名其妙封禁账号,我啥也没干就给我资料锁定了 烦死了,ufndjurji,2026-07-13,9.38,差评,17
5,好用,小红书太好用了，虽然我这个设备是12年前的设备，但是没想到刷小红书还是很丝滑👍👍🏻👍🏼👍🏽👍🏾👍🏿,shendongye,2026-07-13,9.38,好评,49
1,无缘无故就判定账号有违规行为,要不是必须给评分，甚至一颗心都不想给我的账号换了三次，三个都给我判定违规行为。而且我发布的笔记里面的内容都不知道哪里有违规，你们平台我从22年开始就一直在玩了，到现在违规的行为一直在有。申诉也一直申诉不成功。，你要是判定账号有违规行为，你倒是把那些有违规的地方圈出来好吗？无缘无故就突然被判定有了，而且别人举报账号都能举报成功，我举报别人举报不成功。我也不知道你们是怎么这个软件的，真的是莫名其妙就违规封号，我甚至有个号被禁言了半年，我根本就不知道我哪里有违规了好吗？我想你们这里写评论，你们也是不改的，也不知道有什么用，你们不看不听不改。我真的是现在被气到才来写评价的。你们违规乱处罚随意就禁言，而且别人那些骂人的你又不禁言。既然我们这些没有违规语言的。我真的不知道你们这个平台做出来的意义是什么乱封号乱处置吗？垃圾平台赶紧倒闭吧，真的是服了。,养只猫叫段振华,2026-07-13,9.38,差评,373
1,已经不再是之前的内容为上的app了,现在充满了各种暗广和姐妹们的不知道什么的价值观,阿目前哪家看几点结束,2026-07-13,9.38,差评,23
5,小红书很好啊,体验很好,锦汐锦汐,2026-07-13,9.38,好评,4
1,很无语,明明没有违规直接给我永久封号 而且申诉也没用 真的很无语很无语,zbduhene,2026-07-13,9.38,差评,31
1,无限给人制造焦虑压力,垃圾软件就改下架  垃圾东西挑起对立,cjdjdb很烦,2026-07-13,9.38,差评,18
1,恶意限流,恶意限流,TM卡热可可还都,2026-07-13,9.38,差评,4
1,账号随时随地都在被封,账号审核封禁操作是人还是机器？作为社交软件主推挂售商品？不能聊天不能发布笔记什么都不能做，动不动就违规，现在真是厉害了,going明明你改名您自行,2026-07-13,9.38,差评,59
1,账号该封的不封，光把正常人封了,我因为询问别人的兴趣爱好，询问能不能交朋友，就被封了，在此之前我就已经因为这个被封了三个号，关键我没有和别人做交易，就是日常的互动询问，你这也能封，我也是无语了，申诉也没有用，实名都摆在眼前也没有用，如果这点不改我会一直开号点一颗心评分的，关键我说的这点不止我一个人提出，你们这群审核有放在眼里吗？现在说个话也要畏首畏尾了，我服了，小红书公司你们招的什么人？神死了，该封的账号，你们封了几个？看到某些人说你们小红书审核严格。真是讽刺。难道不是不分青红皂白吗？😂几个账号全部都被封禁，我现在在小红书已经没有交友资格了，审核你们就这样吧，就继续不分清红皂白，到时候看看还有几个人支持你们软件😂😂😂,在一起时刻123,2026-07-13,9.38,差评,296
1,闪退！！！！！！,在MacBook Pro里使用iPhone镜像，小红书app评论时，评论框会闪退！！！！！！,不好用…………不好用,2026-07-13,9.38,差评,46
1,总感觉像是一个锁妖塔,刷怪蛋🐔😍,焦克儿,2026-07-13,9.38,差评,5
1,公开违法乱封账号,"给小红书一星差评，平台无依据乱封账号，审核机制完全不合理。

1. 账号使用多年，仅分享个人美食、旅行、生活日常，从未发布营销、引流、违规内容，严格遵守社区公约，无任何违规行为，却被系统单方面封禁；

2. 封禁通知只模糊一句“账号存在违规”，不提供具体违规笔记、发布时间、对应社区公约条款，完全不给用户自查、整改的机会；

3. 多次联系在线人工客服，全程只有统一模板回复，无法人工复核，申诉通道形同虚设，提交申诉直接驳回，没有有效维权渠道；

4. 账号内存有大量私人原创笔记、收藏内容、购物订单，平台随意封禁直接造成个人数据损失，审核一刀切、风控机制粗暴，完全不尊重普通用户。
随意封号、维权困难，正常分享都随时面临账号作废风险，不会再推荐身边人使用。",乱封账,2026-07-13,9.38,差评,329
5,小红书,里面什么都有很万能呀,宋棉,2026-07-13,9.38,好评,10
1,给你通知权限不是用来疯狂弹窗的,现在 app 的通病，没给通知权限就疯狂让你给权限，给了权限正儿八经有用的通知没有，全是营销广告通知！,初醉_,2026-07-13,9.38,差评,51
1,莫名其妙封号，客服和邮箱也是互相推责任,很诡异，解绑手机号注册新账号也不行。我已多次联系社区客服、商业合作客服和专业号客服，但每次转接后长期无人承接，消息未读，未获得原因、工单编号或复核结果。目前我已通过外部投诉渠道反馈，但仍希望平台内部优先协助核查。,COsmo—,2026-07-12,9.38,差评,106
1,举报功能不改善 小红书只会走不远,一堆引战对立造谣的帖子、评论，举报几乎不通过，除非幸运儿，合着是想接位下一个新浪微博。平台放任这种乌泱泱的风气，举报功能和审核再这样下去，小红书只会走向没落。,亦或r,2026-07-12,9.38,差评,79
1,垃圾公司,垃圾公司,于铃兰,2026-07-12,9.38,差评,4
1,垃圾,垃圾软件,_jmtam@,2026-07-12,9.38,差评,4
1,很差,没有违规，没有做错，号不给找回，找客服只是一直说废话，完全没有帮到用户解决问题，什么垃圾软件,eugene yeong,2026-07-12,9.38,差评,46
1,直播中主播要求刷礼物，无缘无故被踢出直播间,真的是毫无道德,这评论怎么还不让昵称重复？,2026-07-12,9.38,差评,7
1,不要下载,就算一天之内我就跟一个陌生网友发了一句话，然后就给我弹出来个“！”说我出发了什么敏感信息上看到然后就被封了，申诉也是不听的，那个人机申诉怎么申诉都不通过，这个软件特别垃圾我之前还是蛮喜欢小红书的，因为他的聊天功能特别好玩，然后就不知道怎么了，仅仅不到五分钟的时间就封了，然后好友也是没法找过了呀，想跟我聊聊天也不行，气死我还好我哭了，你这个小红书你迟早倒闭，,l禾,2026-07-12,9.38,差评,179
1,乐子软件,我的账号有问题吗就无缘无故封禁，自己点发现里面都是些啥东西,sz游戏*****,2026-07-12,9.38,差评,29
3,卡,更新完，播放卡,怎么了这么久才回啊,2026-07-12,9.38,中评,7
4,没什么流量,小红书挺好的，但是发同样的视频，抖音流量明显更高，小红书有点限流,喜爱猫2011,2026-07-12,9.38,好评,32
1,一直限流,你就这样吧,DOVELG1982,2026-07-12,9.38,差评,5
5,无视用户体验，小红书系统管理是承包给第三方了吗？,难以相信，我的小红书笔记持续一个多月被系统恶意清理评论，检测账号一切良好安全，发布评论任何，暗限我的账号流量，真的是一个很差的产品，这三年我投入了很多在小红书，很相信小红书的产品，找客户没有用，打电话没有用，小红书能流通到现在，和抖音抢电商资源，真的是可笑，产品能力这么差先维护好客户吧，要不然使用客户会越来越少的,Richard55330127,2026-07-12,9.38,好评,157
1,不让评论是吧,莫名其妙把评论给我隐藏了是吧，屁股歪的平台,云吃吃（多人使用版）,2026-07-12,9.38,差评,21
1,云南犬化小孩蹲后续呢？,小红书的产业链红房子，模仿狗狗的小孩子，这些是人干出来的事？？？,小雅叽里呱啦,2026-07-12,9.38,差评,32
1,网络喷子那么多干吗？,在评论区发表自己的言论，不是骂你傻子，就是骂你，别的，甚至诅咒你道德绑架你，自己发了一个游戏实录评论圈里全是“菜鸡菜鸡”真的受不了虽然有些视频质量很好但是小红书上的“极端田园女权”现象也有很多，最终还是删除了这个软件,是黄￼黄ya,2026-07-12,9.38,差评,108
5,666,666,一只啊哈哈够,2026-07-12,9.38,好评,3
1,“鼓励他们乱禁言”,因为他们乱禁我言，我想打0颗心！！😡🤬🤬🤬🤬🤬🤬🤬🤬🤬🤬🤬🤬🤬🤬🤬🤬🤬🤬🤬🤬🤬🤬🤬🤬🤬🤬🤬🤬🤬🤬🤬🤬🤬🤬🤬🤬🤬🤬🤬🤬🤬🤬🤬🤬🤬🤬🤬🤬🤬🤬🤬🤬🤬🤬🤬🤬🤬🤬🤬🤬🤬🤬🤬🤬🤬🤬,小红书乱禁言🤬🤬🤬🤬🤬🤬🤬🤬,2026-07-12,9.38,差评,84
1,垃圾,乐色,李达12313,2026-07-12,9.38,差评,2
1,一个字，烂,别人骂人的评论我都还不了嘴，我连粗口都没爆就说我不友善，什么玩意,balab999,2026-07-12,9.38,差评,32
5,今天我已经看到了这个视频了,"Esse tipo de coisa é muito bonito, 01",蓝凌泉,2026-07-12,9.38,好评,37
5,小红书,特别好用想要什么？都能找到,@安慰你就不能不,2026-07-12,9.38,好评,13
1,霸王审核，莫名直接封号后永远不给解封。,发布模糊电影内容，直接被封。自己生活发布了那么多心血，直接没有。完全没有解封的方式。精神直接崩溃,i人崩溃。,2026-07-12,9.38,差评,48
1,道德瑕疵,准备卸载，公开披露信息造假。,Wee饿贵科技法,2026-07-12,9.38,差评,14
1,敏感肌,如题，我想改个简介朦胧，结果说违规社区规范，哪天规范说不能改这两个字了？有毛病啊,没有名字的无名氏11,2026-07-12,9.38,差评,40
5,喜欢小红书,喜欢小红书！,我的世界你长点心,2026-07-12,9.38,好评,6
1,歧视男性,歧视男性，引导男女对立，女拳基地,weiqq45,2026-07-12,9.38,差评,16
1,垃圾软件偷窥私信,大家都小心点吧，审核是可以看到你和别人私信的全部内容的，不要下载这个软件,QWEASSLMNBBvjNN,2026-07-12,9.38,差评,36
1,避雷,垃圾女拳的聚集地，捞女集中营，喝兵血的大本营,离镜铁狼,2026-07-12,9.38,差评,22
5,好评,好评,oj xbe gwj,2026-07-12,9.38,好评,2
1,失望,客服最爱踢皮球 神秘审核机制 你砍头的视频放评论区能过审你咋想的？这么大个平台 小孩用户这么多 小孩留一辈子心理阴影怎么办！你小红书付得起这个责任吗？还有莫名其妙封啥号呢？非得让人实名认证才解封,小美女爱跳舞,2026-07-12,9.38,差评,97
1,垃圾,官方多次约谈，什么烂货,月怒腹语师,2026-07-12,9.38,差评,11
4,如下,小红书能不能不要老是弹出那个开启通知的窗口 一天弹一次就算了一天弹好多次真的很影响软件使用体验 可以设置一个近三十天内不再弹出的选项啊 还有就是刷视频的时候标题那个地方总是莫名其妙浮上来一个热评 找标题看就很不方便 能不能改回去,jgsstjk,2026-07-12,9.38,好评,114
1,内容,低俗评论较多,好的76756,2026-07-12,9.38,差评,6
5,震撼美味,有很多家产啊💙❤️💙❤️,梵西小姐姐,2026-07-12,9.38,好评,12
1,管管恶评 小红书乱禁言,发布恶言的你就给他们警告禁言封号啊 怎么全是一堆中年人的老封建 你们是不管的 任由网暴人身攻击是吗？小红书风气差成什么样了不是一天两天是一直都很差 老封建的评论是不管的 客观的人发言你立马给折叠评论 举报恶评你也是不管的 重点关注个屁 我真的是对小红书太失望了 现在风气成什么样子了不应该管管吗？黄腔男什么都有 简直烂的要死,药07,2026-07-12,9.38,差评,162
1,软件跟核心用户一个画像,还上市不？哈哈哈哈哈,卡布卡宏*,2026-07-12,9.38,差评,10
